ogbn-mag,RDM,8,001,0.4094,0.0244
ogbn-mag,RDM,8,002,0.8049,0.0435
ogbn-mag,RDM,8,003,1.2002,0.0435
ogbn-mag,RDM,8,004,1.5973,0.0597
ogbn-mag,RDM,8,005,1.9948,0.0823
ogbn-mag,RDM,8,006,2.3899,0.0856
ogbn-mag,RDM,8,007,2.7960,0.0893
ogbn-mag,RDM,8,008,3.1913,0.1092
ogbn-mag,RDM,8,009,3.5868,0.1193
ogbn-mag,RDM,8,010,3.9825,0.1227
ogbn-mag,RDM,8,011,4.3777,0.1236
ogbn-mag,RDM,8,012,4.7724,0.1242
ogbn-mag,RDM,8,013,5.1671,0.1271
ogbn-mag,RDM,8,014,5.5630,0.1375
ogbn-mag,RDM,8,015,5.9590,0.1461
ogbn-mag,RDM,8,016,6.3542,0.1466
ogbn-mag,RDM,8,017,6.7489,0.1466
ogbn-mag,RDM,8,018,7.1443,0.1492
ogbn-mag,RDM,8,019,7.5421,0.1591
ogbn-mag,RDM,8,020,7.9386,0.1746
ogbn-mag,RDM,8,021,8.3337,0.1915
ogbn-mag,RDM,8,022,8.7290,0.2051
ogbn-mag,RDM,8,023,9.1243,0.2164
ogbn-mag,RDM,8,024,9.5193,0.2198
ogbn-mag,RDM,8,025,9.9160,0.2206
ogbn-mag,RDM,8,026,10.3113,0.2229
ogbn-mag,RDM,8,027,10.7072,0.2261
ogbn-mag,RDM,8,028,11.1027,0.2301
ogbn-mag,RDM,8,029,11.4981,0.2330
ogbn-mag,RDM,8,030,11.8980,0.2353
ogbn-mag,RDM,8,031,12.2955,0.2368
ogbn-mag,RDM,8,032,12.6919,0.2387
ogbn-mag,RDM,8,033,13.0868,0.2410
ogbn-mag,RDM,8,034,13.4822,0.2448
ogbn-mag,RDM,8,035,13.8774,0.2494
ogbn-mag,RDM,8,036,14.2896,0.2520
ogbn-mag,RDM,8,037,14.6860,0.2532
ogbn-mag,RDM,8,038,15.0809,0.2518
ogbn-mag,RDM,8,039,15.4770,0.2521
ogbn-mag,RDM,8,040,15.8728,0.2537
ogbn-mag,RDM,8,041,16.2685,0.2559
ogbn-mag,RDM,8,042,16.6634,0.2570
ogbn-mag,RDM,8,043,17.0595,0.2567
ogbn-mag,RDM,8,044,17.4563,0.2578
ogbn-mag,RDM,8,045,17.8517,0.2595
ogbn-mag,RDM,8,046,18.2468,0.2608
ogbn-mag,RDM,8,047,18.6422,0.2617
ogbn-mag,RDM,8,048,19.0375,0.2617
ogbn-mag,RDM,8,049,19.4330,0.2617
ogbn-mag,RDM,8,050,19.8288,0.2640
ogbn-mag,RDM,8,051,20.2240,0.2665
ogbn-mag,RDM,8,052,20.6196,0.2671
ogbn-mag,RDM,8,053,21.0140,0.2671
ogbn-mag,RDM,8,054,21.4088,0.2671
ogbn-mag,RDM,8,055,21.8044,0.2680
ogbn-mag,RDM,8,056,22.1999,0.2700
ogbn-mag,RDM,8,057,22.5977,0.2710
ogbn-mag,RDM,8,058,22.9930,0.2718
ogbn-mag,RDM,8,059,23.3879,0.2730
ogbn-mag,RDM,8,060,23.7830,0.2737
ogbn-mag,RDM,8,061,24.1785,0.2737
ogbn-mag,RDM,8,062,24.5740,0.2743
ogbn-mag,RDM,8,063,24.9713,0.2761
ogbn-mag,RDM,8,064,25.3666,0.2783
ogbn-mag,RDM,8,065,25.7620,0.2787
ogbn-mag,RDM,8,066,26.1594,0.2782
ogbn-mag,RDM,8,067,26.5549,0.2790
ogbn-mag,RDM,8,068,26.9498,0.2801
ogbn-mag,RDM,8,069,27.3449,0.2807
ogbn-mag,RDM,8,070,27.7421,0.2807
ogbn-mag,RDM,8,071,28.1383,0.2821
ogbn-mag,RDM,8,072,28.5350,0.2838
ogbn-mag,RDM,8,073,28.9306,0.2838
ogbn-mag,RDM,8,074,29.3261,0.2838
ogbn-mag,RDM,8,075,29.7214,0.2840
ogbn-mag,RDM,8,076,30.1167,0.2847
ogbn-mag,RDM,8,077,30.5121,0.2847
ogbn-mag,RDM,8,078,30.9070,0.2855
ogbn-mag,RDM,8,079,31.3023,0.2860
ogbn-mag,RDM,8,080,31.6979,0.2870
ogbn-mag,RDM,8,081,32.0926,0.2876
ogbn-mag,RDM,8,082,32.4904,0.2879
ogbn-mag,RDM,8,083,32.8859,0.2878
ogbn-mag,RDM,8,084,33.2810,0.2878
ogbn-mag,RDM,8,085,33.6766,0.2878
ogbn-mag,RDM,8,086,34.0761,0.2880
ogbn-mag,RDM,8,087,34.4728,0.2882
ogbn-mag,RDM,8,088,34.8731,0.2882
ogbn-mag,RDM,8,089,35.2715,0.2878
ogbn-mag,RDM,8,090,35.6681,0.2878
ogbn-mag,RDM,8,091,36.0642,0.2888
ogbn-mag,RDM,8,092,36.4593,0.2888
ogbn-mag,RDM,8,093,36.8549,0.2888
ogbn-mag,RDM,8,094,37.2508,0.2889
ogbn-mag,RDM,8,095,37.6477,0.2896
ogbn-mag,RDM,8,096,38.0434,0.2893
ogbn-mag,RDM,8,097,38.4400,0.2900
ogbn-mag,RDM,8,098,38.8358,0.2900
ogbn-mag,RDM,8,099,39.2324,0.2902
ogbn-mag,RDM,8,100,39.6272,0.2909
ogbn-mag,RDM,8,101,40.0223,0.2911
ogbn-mag,RDM,8,102,40.4177,0.2910
ogbn-mag,RDM,8,103,40.8137,0.2909
ogbn-mag,RDM,8,104,41.2098,0.2924
ogbn-mag,RDM,8,105,41.6051,0.2924
ogbn-mag,RDM,8,106,42.0004,0.2924
ogbn-mag,RDM,8,107,42.3959,0.2924
ogbn-mag,RDM,8,108,42.7923,0.2930
ogbn-mag,RDM,8,109,43.1883,0.2930
ogbn-mag,RDM,8,110,43.5831,0.2939
ogbn-mag,RDM,8,111,43.9833,0.2939
ogbn-mag,RDM,8,112,44.3782,0.2951
ogbn-mag,RDM,8,113,44.7733,0.2951
ogbn-mag,RDM,8,114,45.1712,0.2970
ogbn-mag,RDM,8,115,45.5667,0.2970
ogbn-mag,RDM,8,116,45.9622,0.2978
ogbn-mag,RDM,8,117,46.3574,0.2978
ogbn-mag,RDM,8,118,46.7545,0.2978
ogbn-mag,RDM,8,119,47.1498,0.2978
ogbn-mag,RDM,8,120,47.5456,0.2978
ogbn-mag,RDM,8,121,47.9418,0.2979
ogbn-mag,RDM,8,122,48.3380,0.2979
ogbn-mag,RDM,8,123,48.7369,0.2979
ogbn-mag,RDM,8,124,49.1327,0.2979
ogbn-mag,RDM,8,125,49.5308,0.2979
ogbn-mag,RDM,8,126,49.9276,0.2978
ogbn-mag,RDM,8,127,50.3242,0.2978
ogbn-mag,RDM,8,128,50.7205,0.2978
ogbn-mag,RDM,8,129,51.1157,0.2969
ogbn-mag,RDM,8,130,51.5112,0.2969
ogbn-mag,RDM,8,131,51.9094,0.2987
ogbn-mag,RDM,8,132,52.3046,0.2987
ogbn-mag,RDM,8,133,52.6996,0.2987
ogbn-mag,RDM,8,134,53.0950,0.2987
ogbn-mag,RDM,8,135,53.4906,0.2987
ogbn-mag,RDM,8,136,53.8862,0.2987
ogbn-mag,RDM,8,137,54.2827,0.2987
ogbn-mag,RDM,8,138,54.6783,0.2996
ogbn-mag,RDM,8,139,55.0744,0.2996
ogbn-mag,RDM,8,140,55.4703,0.3000
ogbn-mag,RDM,8,141,55.8666,0.3000
ogbn-mag,RDM,8,142,56.2615,0.3000
ogbn-mag,RDM,8,143,56.6571,0.3000
ogbn-mag,RDM,8,144,57.0530,0.3000
ogbn-mag,RDM,8,145,57.4489,0.3006
ogbn-mag,RDM,8,146,57.8441,0.3006
ogbn-mag,RDM,8,147,58.2397,0.3013
ogbn-mag,RDM,8,148,58.6352,0.3013
ogbn-mag,RDM,8,149,59.0307,0.3024
ogbn-mag,RDM,8,150,59.4261,0.3024
ogbn-mag,RDM,8,151,59.8222,0.3033
ogbn-mag,RDM,8,152,60.2174,0.3033
ogbn-mag,RDM,8,153,60.6130,0.3043
ogbn-mag,RDM,8,154,61.0088,0.3043
ogbn-mag,RDM,8,155,61.4048,0.3042
ogbn-mag,RDM,8,156,61.8016,0.3042
ogbn-mag,RDM,8,157,62.1991,0.3042
ogbn-mag,RDM,8,158,62.5970,0.3042
ogbn-mag,RDM,8,159,62.9934,0.3042
ogbn-mag,RDM,8,160,63.3898,0.3045
ogbn-mag,RDM,8,161,63.7850,0.3045
ogbn-mag,RDM,8,162,64.1803,0.3050
ogbn-mag,RDM,8,163,64.5764,0.3050
ogbn-mag,RDM,8,164,64.9715,0.3044
ogbn-mag,RDM,8,165,65.3664,0.3044
ogbn-mag,RDM,8,166,65.7620,0.3044
ogbn-mag,RDM,8,167,66.1606,0.3044
ogbn-mag,RDM,8,168,66.5565,0.3044
ogbn-mag,RDM,8,169,66.9548,0.3046
ogbn-mag,RDM,8,170,67.3508,0.3046
ogbn-mag,RDM,8,171,67.7465,0.3054
ogbn-mag,RDM,8,172,68.1424,0.3054
ogbn-mag,RDM,8,173,68.5383,0.3056
ogbn-mag,RDM,8,174,68.9336,0.3056
ogbn-mag,RDM,8,175,69.3287,0.3056
ogbn-mag,RDM,8,176,69.7257,0.3056
ogbn-mag,RDM,8,177,70.1229,0.3056
ogbn-mag,RDM,8,178,70.5189,0.3056
ogbn-mag,RDM,8,179,70.9150,0.3056
ogbn-mag,RDM,8,180,71.3140,0.3056
ogbn-mag,RDM,8,181,71.7095,0.3056
ogbn-mag,RDM,8,182,72.1051,0.3056
ogbn-mag,RDM,8,183,72.5020,0.3056
ogbn-mag,RDM,8,184,72.8978,0.3065
ogbn-mag,RDM,8,185,73.2935,0.3065
ogbn-mag,RDM,8,186,73.6886,0.3073
ogbn-mag,RDM,8,187,74.0842,0.3073
ogbn-mag,RDM,8,188,74.4800,0.3093
ogbn-mag,RDM,8,189,74.8762,0.3093
ogbn-mag,RDM,8,190,75.2735,0.3119
ogbn-mag,RDM,8,191,75.6703,0.3119
ogbn-mag,RDM,8,192,76.0662,0.3130
ogbn-mag,RDM,8,193,76.4609,0.3130
ogbn-mag,RDM,8,194,76.8568,0.3130
ogbn-mag,RDM,8,195,77.2530,0.3130
ogbn-mag,RDM,8,196,77.6491,0.3130
ogbn-mag,RDM,8,197,78.0442,0.3130
ogbn-mag,RDM,8,198,78.4400,0.3130
ogbn-mag,RDM,8,199,78.8393,0.3130
ogbn-mag,RDM,8,200,79.2352,0.3130
ogbn-mag,RDM,8,201,79.6302,0.3130
ogbn-mag,RDM,8,202,80.0257,0.3130
ogbn-mag,RDM,8,203,80.4212,0.3130
ogbn-mag,RDM,8,204,80.8187,0.3130
ogbn-mag,RDM,8,205,81.2140,0.3130
ogbn-mag,RDM,8,206,81.6097,0.3130
ogbn-mag,RDM,8,207,82.0055,0.3130
ogbn-mag,RDM,8,208,82.4012,0.3130
ogbn-mag,RDM,8,209,82.7962,0.3130
ogbn-mag,RDM,8,210,83.1912,0.3130
ogbn-mag,RDM,8,211,83.5859,0.3130
ogbn-mag,RDM,8,212,83.9825,0.3130
ogbn-mag,RDM,8,213,84.3784,0.3130
ogbn-mag,RDM,8,214,84.7738,0.3130
ogbn-mag,RDM,8,215,85.1692,0.3130
ogbn-mag,RDM,8,216,85.5645,0.3130
ogbn-mag,RDM,8,217,85.9629,0.3130
ogbn-mag,RDM,8,218,86.3582,0.3130
ogbn-mag,RDM,8,219,86.7547,0.3130
ogbn-mag,RDM,8,220,87.1534,0.3130
ogbn-mag,RDM,8,221,87.5493,0.3130
ogbn-mag,RDM,8,222,87.9446,0.3130
ogbn-mag,RDM,8,223,88.3407,0.3130
ogbn-mag,RDM,8,224,88.7367,0.3130
ogbn-mag,RDM,8,225,89.1325,0.3130
ogbn-mag,RDM,8,226,89.5305,0.3130
ogbn-mag,RDM,8,227,89.9270,0.3130
ogbn-mag,RDM,8,228,90.3229,0.3130
ogbn-mag,RDM,8,229,90.7215,0.3130
ogbn-mag,RDM,8,230,91.1176,0.3130
ogbn-mag,RDM,8,231,91.5150,0.3130
ogbn-mag,RDM,8,232,91.9108,0.3130
ogbn-mag,RDM,8,233,92.3061,0.3130
ogbn-mag,RDM,8,234,92.7020,0.3130
ogbn-mag,RDM,8,235,93.0990,0.3130
ogbn-mag,RDM,8,236,93.4949,0.3130
ogbn-mag,RDM,8,237,93.8911,0.3130
ogbn-mag,RDM,8,238,94.2874,0.3100
ogbn-mag,RDM,8,239,94.6833,0.3100
ogbn-mag,RDM,8,240,95.0785,0.3110
ogbn-mag,RDM,8,241,95.4781,0.3110
ogbn-mag,RDM,8,242,95.8736,0.3121
ogbn-mag,RDM,8,243,96.2703,0.3121
ogbn-mag,RDM,8,244,96.6671,0.3139
ogbn-mag,RDM,8,245,97.0627,0.3139
ogbn-mag,RDM,8,246,97.4590,0.3165
ogbn-mag,RDM,8,247,97.8548,0.3165
ogbn-mag,RDM,8,248,98.2521,0.3195
ogbn-mag,RDM,8,249,98.6474,0.3195
ogbn-mag,RDM,8,250,99.0428,0.3195
ogbn-mag,RDM,8,251,99.4389,0.3195
ogbn-mag,RDM,8,252,99.8359,0.3195
ogbn-mag,RDM,8,253,100.2319,0.3195
ogbn-mag,RDM,8,254,100.6296,0.3195
ogbn-mag,RDM,8,255,101.0250,0.3195
ogbn-mag,RDM,8,256,101.4212,0.3195
ogbn-mag,RDM,8,257,101.8169,0.3195
ogbn-mag,RDM,8,258,102.2156,0.3195
ogbn-mag,RDM,8,259,102.6146,0.3195
ogbn-mag,RDM,8,260,103.0129,0.3195
ogbn-mag,RDM,8,261,103.4090,0.3195
ogbn-mag,RDM,8,262,103.8060,0.3195
ogbn-mag,RDM,8,263,104.2043,0.3195
ogbn-mag,RDM,8,264,104.6007,0.3195
ogbn-mag,RDM,8,265,104.9965,0.3195
ogbn-mag,RDM,8,266,105.3922,0.3195
ogbn-mag,RDM,8,267,105.7898,0.3195
ogbn-mag,RDM,8,268,106.1860,0.3195
ogbn-mag,RDM,8,269,106.5815,0.3195
ogbn-mag,RDM,8,270,106.9798,0.3195
ogbn-mag,RDM,8,271,107.3792,0.3195
ogbn-mag,RDM,8,272,107.7751,0.3195
ogbn-mag,RDM,8,273,108.1736,0.3195
ogbn-mag,RDM,8,274,108.5696,0.3195
ogbn-mag,RDM,8,275,108.9653,0.3195
ogbn-mag,RDM,8,276,109.3608,0.3195
ogbn-mag,RDM,8,277,109.7559,0.3195
ogbn-mag,RDM,8,278,110.1517,0.3195
ogbn-mag,RDM,8,279,110.5471,0.3195
ogbn-mag,RDM,8,280,110.9420,0.3195
ogbn-mag,RDM,8,281,111.3374,0.3195
ogbn-mag,RDM,8,282,111.7337,0.3195
ogbn-mag,RDM,8,283,112.1292,0.3195
ogbn-mag,RDM,8,284,112.5246,0.3195
ogbn-mag,RDM,8,285,112.9198,0.3195
ogbn-mag,RDM,8,286,113.3154,0.3195
ogbn-mag,RDM,8,287,113.7108,0.3195
ogbn-mag,RDM,8,288,114.1063,0.3195
ogbn-mag,RDM,8,289,114.5019,0.3195
ogbn-mag,RDM,8,290,114.8970,0.3195
ogbn-mag,RDM,8,291,115.2932,0.3195
ogbn-mag,RDM,8,292,115.6927,0.3195
ogbn-mag,RDM,8,293,116.0893,0.3195
ogbn-mag,RDM,8,294,116.4845,0.3195
ogbn-mag,RDM,8,295,116.8816,0.3195
ogbn-mag,RDM,8,296,117.2780,0.3195
ogbn-mag,RDM,8,297,117.6731,0.3195
ogbn-mag,RDM,8,298,118.0685,0.3195
ogbn-mag,RDM,8,299,118.4642,0.3195
ogbn-mag,RDM,8,300,118.8599,0.3195
ogbn-mag,RDM,8,301,119.2576,0.3195
ogbn-mag,RDM,8,302,119.6552,0.3195
ogbn-mag,RDM,8,303,120.0555,0.3195
ogbn-mag,RDM,8,304,120.4563,0.3195
ogbn-mag,RDM,8,305,120.8521,0.3195
ogbn-mag,RDM,8,306,121.2467,0.3195
ogbn-mag,RDM,8,307,121.6432,0.3195
ogbn-mag,RDM,8,308,122.0396,0.3195
ogbn-mag,RDM,8,309,122.4352,0.3195
ogbn-mag,RDM,8,310,122.8308,0.3195
ogbn-mag,RDM,8,311,123.2272,0.3195
ogbn-mag,RDM,8,312,123.6262,0.3172
ogbn-mag,RDM,8,313,124.0226,0.3172
ogbn-mag,RDM,8,314,124.4189,0.3189
ogbn-mag,RDM,8,315,124.8146,0.3189
ogbn-mag,RDM,8,316,125.2096,0.3211
ogbn-mag,RDM,8,317,125.6053,0.3211
ogbn-mag,RDM,8,318,126.0009,0.3235
ogbn-mag,RDM,8,319,126.3982,0.3235
ogbn-mag,RDM,8,320,126.7951,0.3235
ogbn-mag,RDM,8,321,127.1935,0.3235
ogbn-mag,RDM,8,322,127.5884,0.3235
ogbn-mag,RDM,8,323,127.9871,0.3235
ogbn-mag,RDM,8,324,128.3835,0.3235
ogbn-mag,RDM,8,325,128.7824,0.3233
ogbn-mag,RDM,8,326,129.1785,0.3233
ogbn-mag,RDM,8,327,129.5751,0.3233
ogbn-mag,RDM,8,328,129.9713,0.3233
ogbn-mag,RDM,8,329,130.3692,0.3233
ogbn-mag,RDM,8,330,130.7643,0.3233
ogbn-mag,RDM,8,331,131.1606,0.3233
ogbn-mag,RDM,8,332,131.5570,0.3233
ogbn-mag,RDM,8,333,131.9521,0.3233
ogbn-mag,RDM,8,334,132.3474,0.3233
ogbn-mag,RDM,8,335,132.7432,0.3233
ogbn-mag,RDM,8,336,133.1399,0.3233
ogbn-mag,RDM,8,337,133.5393,0.3233
ogbn-mag,RDM,8,338,133.9369,0.3233
ogbn-mag,RDM,8,339,134.3326,0.3233
ogbn-mag,RDM,8,340,134.7282,0.3233
ogbn-mag,RDM,8,341,135.1235,0.3233
ogbn-mag,RDM,8,342,135.5195,0.3233
ogbn-mag,RDM,8,343,135.9159,0.3233
ogbn-mag,RDM,8,344,136.3114,0.3233
ogbn-mag,RDM,8,345,136.7076,0.3233
ogbn-mag,RDM,8,346,137.1032,0.3233
ogbn-mag,RDM,8,347,137.4994,0.3233
ogbn-mag,RDM,8,348,137.8988,0.3233
ogbn-mag,RDM,8,349,138.2943,0.3233
ogbn-mag,RDM,8,350,138.6938,0.3233
ogbn-mag,RDM,8,351,139.0892,0.3233
ogbn-mag,RDM,8,352,139.4845,0.3233
ogbn-mag,RDM,8,353,139.8803,0.3233
ogbn-mag,RDM,8,354,140.2789,0.3233
ogbn-mag,RDM,8,355,140.6752,0.3233
ogbn-mag,RDM,8,356,141.0704,0.3233
ogbn-mag,RDM,8,357,141.4702,0.3233
ogbn-mag,RDM,8,358,141.8683,0.3233
ogbn-mag,RDM,8,359,142.2637,0.3233
ogbn-mag,RDM,8,360,142.6612,0.3233
ogbn-mag,RDM,8,361,143.0572,0.3233
ogbn-mag,RDM,8,362,143.4524,0.3233
ogbn-mag,RDM,8,363,143.8482,0.3233
ogbn-mag,RDM,8,364,144.2437,0.3233
ogbn-mag,RDM,8,365,144.6403,0.3233
ogbn-mag,RDM,8,366,145.0364,0.3233
ogbn-mag,RDM,8,367,145.4345,0.3233
ogbn-mag,RDM,8,368,145.8310,0.3233
ogbn-mag,RDM,8,369,146.2259,0.3233
ogbn-mag,RDM,8,370,146.6220,0.3233
ogbn-mag,RDM,8,371,147.0176,0.3233
ogbn-mag,RDM,8,372,147.4147,0.3233
ogbn-mag,RDM,8,373,147.8104,0.3233
ogbn-mag,RDM,8,374,148.2057,0.3233
ogbn-mag,RDM,8,375,148.6025,0.3233
ogbn-mag,RDM,8,376,148.9974,0.3233
ogbn-mag,RDM,8,377,149.3921,0.3233
ogbn-mag,RDM,8,378,149.7883,0.3233
ogbn-mag,RDM,8,379,150.1851,0.3233
ogbn-mag,RDM,8,380,150.5814,0.3233
ogbn-mag,RDM,8,381,150.9771,0.3233
ogbn-mag,RDM,8,382,151.3726,0.3233
ogbn-mag,RDM,8,383,151.7721,0.3233
ogbn-mag,RDM,8,384,152.1676,0.3233
ogbn-mag,RDM,8,385,152.5638,0.3233
ogbn-mag,RDM,8,386,152.9615,0.3233
ogbn-mag,RDM,8,387,153.3597,0.3233
ogbn-mag,RDM,8,388,153.7549,0.3233
ogbn-mag,RDM,8,389,154.1511,0.3233
ogbn-mag,RDM,8,390,154.5463,0.3233
ogbn-mag,RDM,8,391,154.9417,0.3233
ogbn-mag,RDM,8,392,155.3379,0.3233
ogbn-mag,RDM,8,393,155.7334,0.3233
ogbn-mag,RDM,8,394,156.1289,0.3233
ogbn-mag,RDM,8,395,156.5249,0.3238
ogbn-mag,RDM,8,396,156.9202,0.3238
ogbn-mag,RDM,8,397,157.3156,0.3243
ogbn-mag,RDM,8,398,157.7121,0.3243
ogbn-mag,RDM,8,399,158.1096,0.3243
ogbn-mag,RDM,8,400,158.5061,0.3243
ogbn-mag,RDM,8,401,158.9011,0.3243
ogbn-mag,RDM,8,402,159.2958,0.3243
ogbn-mag,RDM,8,403,159.6919,0.3243
ogbn-mag,RDM,8,404,160.0879,0.3243
ogbn-mag,RDM,8,405,160.4861,0.3243
ogbn-mag,RDM,8,406,160.8818,0.3243
ogbn-mag,RDM,8,407,161.2772,0.3243
ogbn-mag,RDM,8,408,161.6727,0.3243
ogbn-mag,RDM,8,409,162.0683,0.3243
ogbn-mag,RDM,8,410,162.4649,0.3243
ogbn-mag,RDM,8,411,162.8621,0.3243
ogbn-mag,RDM,8,412,163.2585,0.3243
ogbn-mag,RDM,8,413,163.6537,0.3243
ogbn-mag,RDM,8,414,164.0493,0.3243
ogbn-mag,RDM,8,415,164.4491,0.3243
ogbn-mag,RDM,8,416,164.8444,0.3243
ogbn-mag,RDM,8,417,165.2407,0.3243
ogbn-mag,RDM,8,418,165.6365,0.3243
ogbn-mag,RDM,8,419,166.0322,0.3243
ogbn-mag,RDM,8,420,166.4284,0.3243
ogbn-mag,RDM,8,421,166.8243,0.3243
ogbn-mag,RDM,8,422,167.2198,0.3243
ogbn-mag,RDM,8,423,167.6152,0.3243
ogbn-mag,RDM,8,424,168.0114,0.3243
ogbn-mag,RDM,8,425,168.4068,0.3243
ogbn-mag,RDM,8,426,168.8027,0.3243
ogbn-mag,RDM,8,427,169.1986,0.3243
ogbn-mag,RDM,8,428,169.5939,0.3243
ogbn-mag,RDM,8,429,169.9894,0.3243
ogbn-mag,RDM,8,430,170.3849,0.3243
ogbn-mag,RDM,8,431,170.7812,0.3243
ogbn-mag,RDM,8,432,171.1768,0.3243
ogbn-mag,RDM,8,433,171.5722,0.3243
ogbn-mag,RDM,8,434,171.9685,0.3243
ogbn-mag,RDM,8,435,172.3652,0.3243
ogbn-mag,RDM,8,436,172.7605,0.3243
ogbn-mag,RDM,8,437,173.1574,0.3243
ogbn-mag,RDM,8,438,173.5525,0.3243
ogbn-mag,RDM,8,439,173.9482,0.3243
ogbn-mag,RDM,8,440,174.3434,0.3243
ogbn-mag,RDM,8,441,174.7399,0.3243
ogbn-mag,RDM,8,442,175.1365,0.3243
ogbn-mag,RDM,8,443,175.5320,0.3243
ogbn-mag,RDM,8,444,175.9273,0.3243
ogbn-mag,RDM,8,445,176.3234,0.3243
ogbn-mag,RDM,8,446,176.7195,0.3243
ogbn-mag,RDM,8,447,177.1157,0.3246
ogbn-mag,RDM,8,448,177.5117,0.3246
ogbn-mag,RDM,8,449,177.9073,0.3267
ogbn-mag,RDM,8,450,178.3022,0.3267
ogbn-mag,RDM,8,451,178.6976,0.3290
ogbn-mag,RDM,8,452,179.0933,0.3290
ogbn-mag,RDM,8,453,179.4891,0.3290
ogbn-mag,RDM,8,454,179.8845,0.3290
ogbn-mag,RDM,8,455,180.2804,0.3290
ogbn-mag,RDM,8,456,180.6761,0.3290
ogbn-mag,RDM,8,457,181.0725,0.3290
ogbn-mag,RDM,8,458,181.4691,0.3290
ogbn-mag,RDM,8,459,181.8661,0.3290
ogbn-mag,RDM,8,460,182.2623,0.3290
ogbn-mag,RDM,8,461,182.6599,0.3290
ogbn-mag,RDM,8,462,183.0556,0.3290
ogbn-mag,RDM,8,463,183.4519,0.3290
ogbn-mag,RDM,8,464,183.8482,0.3290
ogbn-mag,RDM,8,465,184.2446,0.3290
ogbn-mag,RDM,8,466,184.6417,0.3290
ogbn-mag,RDM,8,467,185.0380,0.3290
ogbn-mag,RDM,8,468,185.4340,0.3290
ogbn-mag,RDM,8,469,185.8293,0.3290
ogbn-mag,RDM,8,470,186.2251,0.3290
ogbn-mag,RDM,8,471,186.6203,0.3290
ogbn-mag,RDM,8,472,187.0166,0.3290
ogbn-mag,RDM,8,473,187.4125,0.3290
ogbn-mag,RDM,8,474,187.8074,0.3290
ogbn-mag,RDM,8,475,188.2039,0.3290
ogbn-mag,RDM,8,476,188.5996,0.3290
ogbn-mag,RDM,8,477,188.9960,0.3290
ogbn-mag,RDM,8,478,189.3922,0.3290
ogbn-mag,RDM,8,479,189.7890,0.3290
ogbn-mag,RDM,8,480,190.1846,0.3290
ogbn-mag,RDM,8,481,190.5796,0.3290
ogbn-mag,RDM,8,482,190.9758,0.3290
ogbn-mag,RDM,8,483,191.3717,0.3290
ogbn-mag,RDM,8,484,191.7679,0.3290
ogbn-mag,RDM,8,485,192.1635,0.3290
ogbn-mag,RDM,8,486,192.5597,0.3290
ogbn-mag,RDM,8,487,192.9556,0.3290
ogbn-mag,RDM,8,488,193.3516,0.3290
ogbn-mag,RDM,8,489,193.7478,0.3290
ogbn-mag,RDM,8,490,194.1435,0.3290
ogbn-mag,RDM,8,491,194.5397,0.3290
ogbn-mag,RDM,8,492,194.9355,0.3290
ogbn-mag,RDM,8,493,195.3310,0.3290
ogbn-mag,RDM,8,494,195.7273,0.3290
ogbn-mag,RDM,8,495,196.1230,0.3290
ogbn-mag,RDM,8,496,196.5191,0.3290
ogbn-mag,RDM,8,497,196.9160,0.3290
ogbn-mag,RDM,8,498,197.3114,0.3290
ogbn-mag,RDM,8,499,197.7077,0.3290
ogbn-mag,RDM,8,500,198.1034,0.3290
ogbn-mag,RDM,8,501,198.4996,0.3290
ogbn-mag,RDM,8,502,198.8973,0.3290
ogbn-mag,RDM,8,503,199.2931,0.3290
ogbn-mag,RDM,8,504,199.6890,0.3290
ogbn-mag,RDM,8,505,200.0850,0.3290
ogbn-mag,RDM,8,506,200.4803,0.3290
ogbn-mag,RDM,8,507,200.8761,0.3290
ogbn-mag,RDM,8,508,201.2717,0.3290
ogbn-mag,RDM,8,509,201.6668,0.3290
ogbn-mag,RDM,8,510,202.0622,0.3290
ogbn-mag,RDM,8,511,202.4576,0.3290
ogbn-mag,RDM,8,512,202.8533,0.3290
ogbn-mag,RDM,8,513,203.2484,0.3311
ogbn-mag,RDM,8,514,203.6453,0.3311
ogbn-mag,RDM,8,515,204.0401,0.3334
ogbn-mag,RDM,8,516,204.4374,0.3334
ogbn-mag,RDM,8,517,204.8334,0.3334
ogbn-mag,RDM,8,518,205.2285,0.3334
ogbn-mag,RDM,8,519,205.6249,0.3334
ogbn-mag,RDM,8,520,206.0207,0.3334
ogbn-mag,RDM,8,521,206.4164,0.3334
ogbn-mag,RDM,8,522,206.8125,0.3334
ogbn-mag,RDM,8,523,207.2089,0.3334
ogbn-mag,RDM,8,524,207.6047,0.3334
ogbn-mag,RDM,8,525,208.0012,0.3334
ogbn-mag,RDM,8,526,208.4017,0.3334
ogbn-mag,RDM,8,527,208.7975,0.3334
ogbn-mag,RDM,8,528,209.1932,0.3334
ogbn-mag,RDM,8,529,209.5891,0.3334
ogbn-mag,RDM,8,530,209.9846,0.3334
ogbn-mag,RDM,8,531,210.3812,0.3334
ogbn-mag,RDM,8,532,210.7773,0.3334
ogbn-mag,RDM,8,533,211.1721,0.3334
ogbn-mag,RDM,8,534,211.5703,0.3334
ogbn-mag,RDM,8,535,211.9667,0.3334
ogbn-mag,RDM,8,536,212.3629,0.3334
ogbn-mag,RDM,8,537,212.7582,0.3334
ogbn-mag,RDM,8,538,213.1542,0.3334
ogbn-mag,RDM,8,539,213.5499,0.3334
ogbn-mag,RDM,8,540,213.9456,0.3334
ogbn-mag,RDM,8,541,214.3409,0.3334
ogbn-mag,RDM,8,542,214.7367,0.3334
ogbn-mag,RDM,8,543,215.1331,0.3334
ogbn-mag,RDM,8,544,215.5287,0.3334
ogbn-mag,RDM,8,545,215.9248,0.3334
ogbn-mag,RDM,8,546,216.3221,0.3334
ogbn-mag,RDM,8,547,216.7182,0.3334
ogbn-mag,RDM,8,548,217.1144,0.3334
ogbn-mag,RDM,8,549,217.5100,0.3334
ogbn-mag,RDM,8,550,217.9059,0.3334
ogbn-mag,RDM,8,551,218.3018,0.3334
ogbn-mag,RDM,8,552,218.6973,0.3334
ogbn-mag,RDM,8,553,219.0931,0.3334
ogbn-mag,RDM,8,554,219.4893,0.3334
ogbn-mag,RDM,8,555,219.8857,0.3334
ogbn-mag,RDM,8,556,220.2821,0.3334
ogbn-mag,RDM,8,557,220.6797,0.3334
ogbn-mag,RDM,8,558,221.0751,0.3334
ogbn-mag,RDM,8,559,221.4722,0.3334
ogbn-mag,RDM,8,560,221.8675,0.3334
ogbn-mag,RDM,8,561,222.2635,0.3334
ogbn-mag,RDM,8,562,222.6597,0.3334
ogbn-mag,RDM,8,563,223.0553,0.3334
ogbn-mag,RDM,8,564,223.4511,0.3334
ogbn-mag,RDM,8,565,223.8465,0.3334
ogbn-mag,RDM,8,566,224.2418,0.3334
ogbn-mag,RDM,8,567,224.6377,0.3334
ogbn-mag,RDM,8,568,225.0360,0.3334
ogbn-mag,RDM,8,569,225.4327,0.3334
ogbn-mag,RDM,8,570,225.8283,0.3334
ogbn-mag,RDM,8,571,226.2245,0.3334
ogbn-mag,RDM,8,572,226.6197,0.3334
ogbn-mag,RDM,8,573,227.0151,0.3334
ogbn-mag,RDM,8,574,227.4107,0.3334
ogbn-mag,RDM,8,575,227.8068,0.3334
ogbn-mag,RDM,8,576,228.2026,0.3334
ogbn-mag,RDM,8,577,228.5974,0.3334
ogbn-mag,RDM,8,578,228.9937,0.3334
ogbn-mag,RDM,8,579,229.3900,0.3334
ogbn-mag,RDM,8,580,229.7855,0.3334
ogbn-mag,RDM,8,581,230.1812,0.3334
ogbn-mag,RDM,8,582,230.5773,0.3334
ogbn-mag,RDM,8,583,230.9746,0.3334
ogbn-mag,RDM,8,584,231.3705,0.3334
ogbn-mag,RDM,8,585,231.7671,0.3334
ogbn-mag,RDM,8,586,232.1626,0.3334
ogbn-mag,RDM,8,587,232.5592,0.3334
ogbn-mag,RDM,8,588,232.9548,0.3334
ogbn-mag,RDM,8,589,233.3501,0.3334
ogbn-mag,RDM,8,590,233.7460,0.3334
ogbn-mag,RDM,8,591,234.1456,0.3334
ogbn-mag,RDM,8,592,234.5444,0.3334
ogbn-mag,RDM,8,593,234.9398,0.3334
ogbn-mag,RDM,8,594,235.3355,0.3334
ogbn-mag,RDM,8,595,235.7312,0.3334
ogbn-mag,RDM,8,596,236.1267,0.3334
ogbn-mag,RDM,8,597,236.5221,0.3334
ogbn-mag,RDM,8,598,236.9175,0.3334
ogbn-mag,RDM,8,599,237.3132,0.3334
ogbn-mag,RDM,8,600,237.7083,0.3334
ogbn-mag,RDM,8,601,238.1031,0.3334
ogbn-mag,RDM,8,602,238.4988,0.3334
ogbn-mag,RDM,8,603,238.8945,0.3334
ogbn-mag,RDM,8,604,239.2911,0.3334
ogbn-mag,RDM,8,605,239.6871,0.3334
ogbn-mag,RDM,8,606,240.0826,0.3334
ogbn-mag,RDM,8,607,240.4785,0.3334
ogbn-mag,RDM,8,608,240.8748,0.3334
ogbn-mag,RDM,8,609,241.2707,0.3334
ogbn-mag,RDM,8,610,241.6684,0.3334
ogbn-mag,RDM,8,611,242.0642,0.3334
ogbn-mag,RDM,8,612,242.4603,0.3334
ogbn-mag,RDM,8,613,242.8551,0.3334
ogbn-mag,RDM,8,614,243.2510,0.3334
ogbn-mag,RDM,8,615,243.6495,0.3334
ogbn-mag,RDM,8,616,244.0448,0.3334
ogbn-mag,RDM,8,617,244.4400,0.3334
ogbn-mag,RDM,8,618,244.8383,0.3334
ogbn-mag,RDM,8,619,245.2336,0.3334
ogbn-mag,RDM,8,620,245.6292,0.3334
ogbn-mag,RDM,8,621,246.0254,0.3334
ogbn-mag,RDM,8,622,246.4203,0.3334
ogbn-mag,RDM,8,623,246.8151,0.3334
ogbn-mag,RDM,8,624,247.2131,0.3334
ogbn-mag,RDM,8,625,247.6079,0.3334
ogbn-mag,RDM,8,626,248.0034,0.3334
ogbn-mag,RDM,8,627,248.3989,0.3334
ogbn-mag,RDM,8,628,248.7959,0.3334
ogbn-mag,RDM,8,629,249.1910,0.3334
ogbn-mag,RDM,8,630,249.5863,0.3334
ogbn-mag,RDM,8,631,249.9822,0.3334
ogbn-mag,RDM,8,632,250.3796,0.3334
ogbn-mag,RDM,8,633,250.7746,0.3334
ogbn-mag,RDM,8,634,251.1700,0.3334
ogbn-mag,RDM,8,635,251.5656,0.3334
ogbn-mag,RDM,8,636,251.9627,0.3334
ogbn-mag,RDM,8,637,252.3577,0.3334
ogbn-mag,RDM,8,638,252.7539,0.3334
ogbn-mag,RDM,8,639,253.1495,0.3334
ogbn-mag,RDM,8,640,253.5476,0.3334
ogbn-mag,RDM,8,641,253.9434,0.3334
ogbn-mag,RDM,8,642,254.3387,0.3334
ogbn-mag,RDM,8,643,254.7377,0.3334
ogbn-mag,RDM,8,644,255.1331,0.3334
ogbn-mag,RDM,8,645,255.5285,0.3306
ogbn-mag,RDM,8,646,255.9236,0.3306
ogbn-mag,RDM,8,647,256.3194,0.3306
ogbn-mag,RDM,8,648,256.7149,0.3306
ogbn-mag,RDM,8,649,257.1104,0.3306
ogbn-mag,RDM,8,650,257.5072,0.3306
ogbn-mag,RDM,8,651,257.9031,0.3306
ogbn-mag,RDM,8,652,258.2989,0.3306
ogbn-mag,RDM,8,653,258.6974,0.3306
ogbn-mag,RDM,8,654,259.0931,0.3306
ogbn-mag,RDM,8,655,259.4889,0.3306
ogbn-mag,RDM,8,656,259.8846,0.3306
ogbn-mag,RDM,8,657,260.2806,0.3306
ogbn-mag,RDM,8,658,260.6790,0.3306
ogbn-mag,RDM,8,659,261.0743,0.3306
ogbn-mag,RDM,8,660,261.4699,0.3306
ogbn-mag,RDM,8,661,261.8662,0.3306
ogbn-mag,RDM,8,662,262.2645,0.3306
ogbn-mag,RDM,8,663,262.6609,0.3306
ogbn-mag,RDM,8,664,263.0569,0.3306
ogbn-mag,RDM,8,665,263.4528,0.3306
ogbn-mag,RDM,8,666,263.8495,0.3306
ogbn-mag,RDM,8,667,264.2452,0.3306
ogbn-mag,RDM,8,668,264.6423,0.3306
ogbn-mag,RDM,8,669,265.0377,0.3306
ogbn-mag,RDM,8,670,265.4331,0.3306
ogbn-mag,RDM,8,671,265.8311,0.3306
ogbn-mag,RDM,8,672,266.2262,0.3306
ogbn-mag,RDM,8,673,266.6247,0.3306
ogbn-mag,RDM,8,674,267.0202,0.3306
ogbn-mag,RDM,8,675,267.4168,0.3306
ogbn-mag,RDM,8,676,267.8124,0.3306
ogbn-mag,RDM,8,677,268.2082,0.3306
ogbn-mag,RDM,8,678,268.6041,0.3306
ogbn-mag,RDM,8,679,268.9998,0.3306
ogbn-mag,RDM,8,680,269.3951,0.3306
ogbn-mag,RDM,8,681,269.7899,0.3306
ogbn-mag,RDM,8,682,270.1870,0.3306
ogbn-mag,RDM,8,683,270.5829,0.3306
ogbn-mag,RDM,8,684,270.9808,0.3306
ogbn-mag,RDM,8,685,271.3754,0.3306
ogbn-mag,RDM,8,686,271.7707,0.3306
ogbn-mag,RDM,8,687,272.1668,0.3306
ogbn-mag,RDM,8,688,272.5625,0.3306
ogbn-mag,RDM,8,689,272.9578,0.3306
ogbn-mag,RDM,8,690,273.3535,0.3306
ogbn-mag,RDM,8,691,273.7489,0.3306
ogbn-mag,RDM,8,692,274.1446,0.3306
ogbn-mag,RDM,8,693,274.5401,0.3306
ogbn-mag,RDM,8,694,274.9361,0.3306
ogbn-mag,RDM,8,695,275.3324,0.3306
ogbn-mag,RDM,8,696,275.7272,0.3306
ogbn-mag,RDM,8,697,276.1257,0.3306
ogbn-mag,RDM,8,698,276.5216,0.3306
ogbn-mag,RDM,8,699,276.9188,0.3306
ogbn-mag,RDM,8,700,277.3181,0.3306
ogbn-mag,RDM,8,701,277.7141,0.3306
ogbn-mag,RDM,8,702,278.1089,0.3306
ogbn-mag,RDM,8,703,278.5052,0.3306
ogbn-mag,RDM,8,704,278.9008,0.3306
ogbn-mag,RDM,8,705,279.2976,0.3306
ogbn-mag,RDM,8,706,279.6928,0.3306
ogbn-mag,RDM,8,707,280.0883,0.3306
ogbn-mag,RDM,8,708,280.4844,0.3306
ogbn-mag,RDM,8,709,280.8797,0.3306
ogbn-mag,RDM,8,710,281.2746,0.3306
ogbn-mag,RDM,8,711,281.6702,0.3306
ogbn-mag,RDM,8,712,282.0661,0.3306
ogbn-mag,RDM,8,713,282.4608,0.3306
ogbn-mag,RDM,8,714,282.8560,0.3306
ogbn-mag,RDM,8,715,283.2541,0.3306
ogbn-mag,RDM,8,716,283.6497,0.3306
ogbn-mag,RDM,8,717,284.0451,0.3306
ogbn-mag,RDM,8,718,284.4400,0.3306
ogbn-mag,RDM,8,719,284.8356,0.3306
ogbn-mag,RDM,8,720,285.2310,0.3306
ogbn-mag,RDM,8,721,285.6270,0.3306
ogbn-mag,RDM,8,722,286.0222,0.3306
ogbn-mag,RDM,8,723,286.4181,0.3324
ogbn-mag,RDM,8,724,286.8136,0.3324
ogbn-mag,RDM,8,725,287.2085,0.3363
ogbn-mag,RDM,8,726,287.6045,0.3363
ogbn-mag,RDM,8,727,288.0000,0.3367
ogbn-mag,RDM,8,728,288.3948,0.3367
ogbn-mag,RDM,8,729,288.7913,0.3367
ogbn-mag,RDM,8,730,289.1859,0.3367
ogbn-mag,RDM,8,731,289.5848,0.3367
ogbn-mag,RDM,8,732,289.9797,0.3367
ogbn-mag,RDM,8,733,290.3741,0.3367
ogbn-mag,RDM,8,734,290.7698,0.3367
ogbn-mag,RDM,8,735,291.1653,0.3367
ogbn-mag,RDM,8,736,291.5607,0.3367
ogbn-mag,RDM,8,737,291.9589,0.3367
ogbn-mag,RDM,8,738,292.3535,0.3367
ogbn-mag,RDM,8,739,292.7530,0.3367
ogbn-mag,RDM,8,740,293.1489,0.3367
ogbn-mag,RDM,8,741,293.5443,0.3367
ogbn-mag,RDM,8,742,293.9394,0.3367
ogbn-mag,RDM,8,743,294.3348,0.3367
ogbn-mag,RDM,8,744,294.7305,0.3367
ogbn-mag,RDM,8,745,295.1256,0.3367
ogbn-mag,RDM,8,746,295.5209,0.3367
ogbn-mag,RDM,8,747,295.9160,0.3367
ogbn-mag,RDM,8,748,296.3135,0.3367
ogbn-mag,RDM,8,749,296.7092,0.3367
ogbn-mag,RDM,8,750,297.1059,0.3367
ogbn-mag,RDM,8,751,297.5019,0.3367
ogbn-mag,RDM,8,752,297.8975,0.3367
ogbn-mag,RDM,8,753,298.2926,0.3367
ogbn-mag,RDM,8,754,298.6880,0.3367
ogbn-mag,RDM,8,755,299.0835,0.3367
ogbn-mag,RDM,8,756,299.4784,0.3367
ogbn-mag,RDM,8,757,299.8731,0.3367
ogbn-mag,RDM,8,758,300.2687,0.3367
ogbn-mag,RDM,8,759,300.6658,0.3367
ogbn-mag,RDM,8,760,301.0613,0.3367
ogbn-mag,RDM,8,761,301.4585,0.3367
ogbn-mag,RDM,8,762,301.8536,0.3367
ogbn-mag,RDM,8,763,302.2492,0.3367
ogbn-mag,RDM,8,764,302.6445,0.3367
ogbn-mag,RDM,8,765,303.0439,0.3367
ogbn-mag,RDM,8,766,303.4413,0.3367
ogbn-mag,RDM,8,767,303.8389,0.3367
ogbn-mag,RDM,8,768,304.2368,0.3367
ogbn-mag,RDM,8,769,304.6313,0.3367
ogbn-mag,RDM,8,770,305.0266,0.3367
ogbn-mag,RDM,8,771,305.4222,0.3367
ogbn-mag,RDM,8,772,305.8193,0.3367
ogbn-mag,RDM,8,773,306.2139,0.3367
ogbn-mag,RDM,8,774,306.6095,0.3367
ogbn-mag,RDM,8,775,307.0055,0.3367
ogbn-mag,RDM,8,776,307.4006,0.3367
ogbn-mag,RDM,8,777,307.7964,0.3367
ogbn-mag,RDM,8,778,308.1918,0.3367
ogbn-mag,RDM,8,779,308.5875,0.3367
ogbn-mag,RDM,8,780,308.9832,0.3367
ogbn-mag,RDM,8,781,309.3807,0.3367
ogbn-mag,RDM,8,782,309.7764,0.3367
ogbn-mag,RDM,8,783,310.1759,0.3367
ogbn-mag,RDM,8,784,310.5730,0.3367
ogbn-mag,RDM,8,785,310.9698,0.3367
ogbn-mag,RDM,8,786,311.3645,0.3367
ogbn-mag,RDM,8,787,311.7604,0.3367
ogbn-mag,RDM,8,788,312.1558,0.3367
ogbn-mag,RDM,8,789,312.5511,0.3367
ogbn-mag,RDM,8,790,312.9469,0.3367
ogbn-mag,RDM,8,791,313.3424,0.3367
ogbn-mag,RDM,8,792,313.7373,0.3367
ogbn-mag,RDM,8,793,314.1326,0.3367
ogbn-mag,RDM,8,794,314.5285,0.3367
ogbn-mag,RDM,8,795,314.9242,0.3367
ogbn-mag,RDM,8,796,315.3212,0.3367
ogbn-mag,RDM,8,797,315.7165,0.3367
ogbn-mag,RDM,8,798,316.1112,0.3367
ogbn-mag,RDM,8,799,316.5077,0.3367
ogbn-mag,RDM,8,800,316.9037,0.3367
ogbn-mag,RDM,8,801,317.3035,0.3367
ogbn-mag,RDM,8,802,317.6987,0.3367
ogbn-mag,RDM,8,803,318.0988,0.3367
ogbn-mag,RDM,8,804,318.4946,0.3367
ogbn-mag,RDM,8,805,318.8901,0.3367
ogbn-mag,RDM,8,806,319.2875,0.3367
ogbn-mag,RDM,8,807,319.6837,0.3367
ogbn-mag,RDM,8,808,320.0789,0.3367
ogbn-mag,RDM,8,809,320.4735,0.3367
ogbn-mag,RDM,8,810,320.8705,0.3367
ogbn-mag,RDM,8,811,321.2689,0.3367
ogbn-mag,RDM,8,812,321.6646,0.3367
ogbn-mag,RDM,8,813,322.0602,0.3367
ogbn-mag,RDM,8,814,322.4561,0.3367
ogbn-mag,RDM,8,815,322.8515,0.3367
ogbn-mag,RDM,8,816,323.2464,0.3367
ogbn-mag,RDM,8,817,323.6412,0.3367
ogbn-mag,RDM,8,818,324.0371,0.3367
ogbn-mag,RDM,8,819,324.4327,0.3367
ogbn-mag,RDM,8,820,324.8295,0.3367
ogbn-mag,RDM,8,821,325.2259,0.3367
ogbn-mag,RDM,8,822,325.6207,0.3367
ogbn-mag,RDM,8,823,326.0163,0.3367
ogbn-mag,RDM,8,824,326.4116,0.3367
ogbn-mag,RDM,8,825,326.8074,0.3367
ogbn-mag,RDM,8,826,327.2028,0.3367
ogbn-mag,RDM,8,827,327.5985,0.3367
ogbn-mag,RDM,8,828,327.9942,0.3367
ogbn-mag,RDM,8,829,328.3896,0.3358
ogbn-mag,RDM,8,830,328.7914,0.3358
ogbn-mag,RDM,8,831,329.1871,0.3358
ogbn-mag,RDM,8,832,329.5829,0.3358
ogbn-mag,RDM,8,833,329.9797,0.3358
ogbn-mag,RDM,8,834,330.3744,0.3358
ogbn-mag,RDM,8,835,330.7703,0.3358
ogbn-mag,RDM,8,836,331.1654,0.3358
ogbn-mag,RDM,8,837,331.5609,0.3358
ogbn-mag,RDM,8,838,331.9560,0.3358
ogbn-mag,RDM,8,839,332.3518,0.3358
ogbn-mag,RDM,8,840,332.7477,0.3358
ogbn-mag,RDM,8,841,333.1433,0.3358
ogbn-mag,RDM,8,842,333.5390,0.3358
ogbn-mag,RDM,8,843,333.9350,0.3358
ogbn-mag,RDM,8,844,334.3302,0.3358
ogbn-mag,RDM,8,845,334.7253,0.3358
ogbn-mag,RDM,8,846,335.1199,0.3358
ogbn-mag,RDM,8,847,335.5152,0.3358
ogbn-mag,RDM,8,848,335.9106,0.3358
ogbn-mag,RDM,8,849,336.3081,0.3358
ogbn-mag,RDM,8,850,336.7039,0.3358
ogbn-mag,RDM,8,851,337.0996,0.3358
ogbn-mag,RDM,8,852,337.4985,0.3358
ogbn-mag,RDM,8,853,337.8932,0.3358
ogbn-mag,RDM,8,854,338.2886,0.3358
ogbn-mag,RDM,8,855,338.6839,0.3358
ogbn-mag,RDM,8,856,339.0789,0.3358
ogbn-mag,RDM,8,857,339.4747,0.3358
ogbn-mag,RDM,8,858,339.8698,0.3358
ogbn-mag,RDM,8,859,340.2650,0.3358
ogbn-mag,RDM,8,860,340.6623,0.3358
ogbn-mag,RDM,8,861,341.0584,0.3358
ogbn-mag,RDM,8,862,341.4537,0.3358
ogbn-mag,RDM,8,863,341.8518,0.3358
ogbn-mag,RDM,8,864,342.2468,0.3358
ogbn-mag,RDM,8,865,342.6426,0.3358
ogbn-mag,RDM,8,866,343.0383,0.3358
ogbn-mag,RDM,8,867,343.4339,0.3358
ogbn-mag,RDM,8,868,343.8295,0.3358
ogbn-mag,RDM,8,869,344.2245,0.3358
ogbn-mag,RDM,8,870,344.6202,0.3358
ogbn-mag,RDM,8,871,345.0159,0.3358
ogbn-mag,RDM,8,872,345.4128,0.3358
ogbn-mag,RDM,8,873,345.8072,0.3358
ogbn-mag,RDM,8,874,346.2026,0.3358
ogbn-mag,RDM,8,875,346.5979,0.3358
ogbn-mag,RDM,8,876,346.9927,0.3358
ogbn-mag,RDM,8,877,347.3897,0.3358
ogbn-mag,RDM,8,878,347.7856,0.3358
ogbn-mag,RDM,8,879,348.1834,0.3358
ogbn-mag,RDM,8,880,348.5786,0.3358
ogbn-mag,RDM,8,881,348.9743,0.3358
ogbn-mag,RDM,8,882,349.3695,0.3358
ogbn-mag,RDM,8,883,349.7645,0.3358
ogbn-mag,RDM,8,884,350.1597,0.3358
ogbn-mag,RDM,8,885,350.5554,0.3358
ogbn-mag,RDM,8,886,350.9536,0.3358
ogbn-mag,RDM,8,887,351.3501,0.3358
ogbn-mag,RDM,8,888,351.7449,0.3358
ogbn-mag,RDM,8,889,352.1405,0.3358
ogbn-mag,RDM,8,890,352.5356,0.3358
ogbn-mag,RDM,8,891,352.9314,0.3358
ogbn-mag,RDM,8,892,353.3270,0.3358
ogbn-mag,RDM,8,893,353.7246,0.3358
ogbn-mag,RDM,8,894,354.1204,0.3358
ogbn-mag,RDM,8,895,354.5166,0.3358
ogbn-mag,RDM,8,896,354.9131,0.3358
ogbn-mag,RDM,8,897,355.3084,0.3358
ogbn-mag,RDM,8,898,355.7038,0.3358
ogbn-mag,RDM,8,899,356.0991,0.3358
ogbn-mag,RDM,8,900,356.4944,0.3358
ogbn-mag,RDM,8,901,356.8893,0.3358
ogbn-mag,RDM,8,902,357.2848,0.3358
ogbn-mag,RDM,8,903,357.6809,0.3358
ogbn-mag,RDM,8,904,358.0767,0.3358
ogbn-mag,RDM,8,905,358.4721,0.3358
ogbn-mag,RDM,8,906,358.8672,0.3358
ogbn-mag,RDM,8,907,359.2626,0.3358
ogbn-mag,RDM,8,908,359.6580,0.3358
ogbn-mag,RDM,8,909,360.0530,0.3358
ogbn-mag,RDM,8,910,360.4509,0.3358
ogbn-mag,RDM,8,911,360.8478,0.3358
ogbn-mag,RDM,8,912,361.2431,0.3358
ogbn-mag,RDM,8,913,361.6380,0.3358
ogbn-mag,RDM,8,914,362.0336,0.3358
ogbn-mag,RDM,8,915,362.4292,0.3358
ogbn-mag,RDM,8,916,362.8238,0.3358
ogbn-mag,RDM,8,917,363.2188,0.3358
ogbn-mag,RDM,8,918,363.6137,0.3358
ogbn-mag,RDM,8,919,364.0089,0.3358
ogbn-mag,RDM,8,920,364.4049,0.3358
ogbn-mag,RDM,8,921,364.8007,0.3358
ogbn-mag,RDM,8,922,365.1959,0.3358
ogbn-mag,RDM,8,923,365.5917,0.3358
ogbn-mag,RDM,8,924,365.9865,0.3358
ogbn-mag,RDM,8,925,366.3821,0.3358
ogbn-mag,RDM,8,926,366.7809,0.3358
ogbn-mag,RDM,8,927,367.1808,0.3358
ogbn-mag,RDM,8,928,367.5781,0.3358
ogbn-mag,RDM,8,929,367.9739,0.3358
ogbn-mag,RDM,8,930,368.3701,0.3358
ogbn-mag,RDM,8,931,368.7655,0.3358
ogbn-mag,RDM,8,932,369.1609,0.3358
ogbn-mag,RDM,8,933,369.5569,0.3358
ogbn-mag,RDM,8,934,369.9524,0.3374
ogbn-mag,RDM,8,935,370.3473,0.3374
ogbn-mag,RDM,8,936,370.7432,0.3391
ogbn-mag,RDM,8,937,371.1378,0.3391
ogbn-mag,RDM,8,938,371.5364,0.3391
ogbn-mag,RDM,8,939,371.9326,0.3391
ogbn-mag,RDM,8,940,372.3282,0.3391
ogbn-mag,RDM,8,941,372.7244,0.3391
ogbn-mag,RDM,8,942,373.1221,0.3391
ogbn-mag,RDM,8,943,373.5174,0.3391
ogbn-mag,RDM,8,944,373.9144,0.3391
ogbn-mag,RDM,8,945,374.3116,0.3391
ogbn-mag,RDM,8,946,374.7063,0.3391
ogbn-mag,RDM,8,947,375.1022,0.3391
ogbn-mag,RDM,8,948,375.4977,0.3391
ogbn-mag,RDM,8,949,375.8950,0.3391
ogbn-mag,RDM,8,950,376.2906,0.3391
ogbn-mag,RDM,8,951,376.6859,0.3391
ogbn-mag,RDM,8,952,377.0813,0.3391
ogbn-mag,RDM,8,953,377.4780,0.3391
ogbn-mag,RDM,8,954,377.8734,0.3391
ogbn-mag,RDM,8,955,378.2696,0.3391
ogbn-mag,RDM,8,956,378.6658,0.3391
ogbn-mag,RDM,8,957,379.0634,0.3391
ogbn-mag,RDM,8,958,379.4595,0.3391
ogbn-mag,RDM,8,959,379.8549,0.3391
ogbn-mag,RDM,8,960,380.2510,0.3391
ogbn-mag,RDM,8,961,380.6469,0.3391
ogbn-mag,RDM,8,962,381.0424,0.3391
ogbn-mag,RDM,8,963,381.4391,0.3391
ogbn-mag,RDM,8,964,381.8353,0.3391
ogbn-mag,RDM,8,965,382.2311,0.3391
ogbn-mag,RDM,8,966,382.6288,0.3391
ogbn-mag,RDM,8,967,383.0257,0.3391
ogbn-mag,RDM,8,968,383.4210,0.3391
ogbn-mag,RDM,8,969,383.8165,0.3391
ogbn-mag,RDM,8,970,384.2114,0.3391
ogbn-mag,RDM,8,971,384.6065,0.3391
ogbn-mag,RDM,8,972,385.0017,0.3391
ogbn-mag,RDM,8,973,385.4000,0.3391
ogbn-mag,RDM,8,974,385.7950,0.3391
ogbn-mag,RDM,8,975,386.1909,0.3391
ogbn-mag,RDM,8,976,386.5861,0.3391
ogbn-mag,RDM,8,977,386.9812,0.3391
ogbn-mag,RDM,8,978,387.3768,0.3391
ogbn-mag,RDM,8,979,387.7725,0.3391
ogbn-mag,RDM,8,980,388.1681,0.3391
ogbn-mag,RDM,8,981,388.5638,0.3391
ogbn-mag,RDM,8,982,388.9614,0.3391
ogbn-mag,RDM,8,983,389.3584,0.3391
ogbn-mag,RDM,8,984,389.7569,0.3391
ogbn-mag,RDM,8,985,390.1523,0.3391
ogbn-mag,RDM,8,986,390.5477,0.3391
ogbn-mag,RDM,8,987,390.9498,0.3391
ogbn-mag,RDM,8,988,391.3448,0.3391
ogbn-mag,RDM,8,989,391.7396,0.3391
ogbn-mag,RDM,8,990,392.1352,0.3391
ogbn-mag,RDM,8,991,392.5305,0.3391
ogbn-mag,RDM,8,992,392.9264,0.3391
ogbn-mag,RDM,8,993,393.3215,0.3391
ogbn-mag,RDM,8,994,393.7165,0.3391
ogbn-mag,RDM,8,995,394.1115,0.3391
ogbn-mag,RDM,8,996,394.5063,0.3391
ogbn-mag,RDM,8,997,394.9013,0.3391
ogbn-mag,RDM,8,998,395.2965,0.3391
ogbn-mag,RDM,8,999,395.6923,0.3391
ogbn-mag,RDM,8,1000,396.0874,0.3391
ogbn-mag,RDM,8,1001,396.4828,0.3391
ogbn-mag,RDM,8,1002,396.8779,0.3391
ogbn-mag,RDM,8,1003,397.2733,0.3391
ogbn-mag,RDM,8,1004,397.6682,0.3391
ogbn-mag,RDM,8,1005,398.0647,0.3391
ogbn-mag,RDM,8,1006,398.4598,0.3391
ogbn-mag,RDM,8,1007,398.8556,0.3391
ogbn-mag,RDM,8,1008,399.2521,0.3391
ogbn-mag,RDM,8,1009,399.6467,0.3391
ogbn-mag,RDM,8,1010,400.0421,0.3391
ogbn-mag,RDM,8,1011,400.4381,0.3391
ogbn-mag,RDM,8,1012,400.8335,0.3391
ogbn-mag,RDM,8,1013,401.2286,0.3391
ogbn-mag,RDM,8,1014,401.6265,0.3391
ogbn-mag,RDM,8,1015,402.0230,0.3391
ogbn-mag,RDM,8,1016,402.4183,0.3391
ogbn-mag,RDM,8,1017,402.8166,0.3391
ogbn-mag,RDM,8,1018,403.2118,0.3391
ogbn-mag,RDM,8,1019,403.6071,0.3391
ogbn-mag,RDM,8,1020,404.0027,0.3391
ogbn-mag,RDM,8,1021,404.4016,0.3391
ogbn-mag,RDM,8,1022,404.7973,0.3391
ogbn-mag,RDM,8,1023,405.1927,0.3391
ogbn-mag,RDM,8,1024,405.5888,0.3391
ogbn-mag,RDM,8,1025,405.9843,0.3391
ogbn-mag,RDM,8,1026,406.3792,0.3391
ogbn-mag,RDM,8,1027,406.7773,0.3391
ogbn-mag,RDM,8,1028,407.1742,0.3391
ogbn-mag,RDM,8,1029,407.5697,0.3391
ogbn-mag,RDM,8,1030,407.9652,0.3391
ogbn-mag,RDM,8,1031,408.3608,0.3391
ogbn-mag,RDM,8,1032,408.7595,0.3391
ogbn-mag,RDM,8,1033,409.1549,0.3391
ogbn-mag,RDM,8,1034,409.5494,0.3391
ogbn-mag,RDM,8,1035,409.9446,0.3391
ogbn-mag,RDM,8,1036,410.3397,0.3391
ogbn-mag,RDM,8,1037,410.7346,0.3391
ogbn-mag,RDM,8,1038,411.1298,0.3391
ogbn-mag,RDM,8,1039,411.5251,0.3391
ogbn-mag,RDM,8,1040,411.9198,0.3391
ogbn-mag,RDM,8,1041,412.3149,0.3391
ogbn-mag,RDM,8,1042,412.7105,0.3391
ogbn-mag,RDM,8,1043,413.1050,0.3391
ogbn-mag,RDM,8,1044,413.5014,0.3391
ogbn-mag,RDM,8,1045,413.8977,0.3391
ogbn-mag,RDM,8,1046,414.2936,0.3391
ogbn-mag,RDM,8,1047,414.6883,0.3391
ogbn-mag,RDM,8,1048,415.0837,0.3391
ogbn-mag,RDM,8,1049,415.4791,0.3391
ogbn-mag,RDM,8,1050,415.8749,0.3391
ogbn-mag,RDM,8,1051,416.2704,0.3391
ogbn-mag,RDM,8,1052,416.6656,0.3391
ogbn-mag,RDM,8,1053,417.0603,0.3391
ogbn-mag,RDM,8,1054,417.4578,0.3391
ogbn-mag,RDM,8,1055,417.8533,0.3391
ogbn-mag,RDM,8,1056,418.2486,0.3391
ogbn-mag,RDM,8,1057,418.6435,0.3391
ogbn-mag,RDM,8,1058,419.0388,0.3391
ogbn-mag,RDM,8,1059,419.4347,0.3391
ogbn-mag,RDM,8,1060,419.8306,0.3391
ogbn-mag,RDM,8,1061,420.2263,0.3391
ogbn-mag,RDM,8,1062,420.6222,0.3391
ogbn-mag,RDM,8,1063,421.0174,0.3391
ogbn-mag,RDM,8,1064,421.4132,0.3391
ogbn-mag,RDM,8,1065,421.8112,0.3391
ogbn-mag,RDM,8,1066,422.2072,0.3391
ogbn-mag,RDM,8,1067,422.6026,0.3391
ogbn-mag,RDM,8,1068,422.9976,0.3391
ogbn-mag,RDM,8,1069,423.3952,0.3391
ogbn-mag,RDM,8,1070,423.7898,0.3391
ogbn-mag,RDM,8,1071,424.1874,0.3391
ogbn-mag,RDM,8,1072,424.5855,0.3391
ogbn-mag,RDM,8,1073,424.9810,0.3391
ogbn-mag,RDM,8,1074,425.3765,0.3391
ogbn-mag,RDM,8,1075,425.7716,0.3391
ogbn-mag,RDM,8,1076,426.1675,0.3391
ogbn-mag,RDM,8,1077,426.5630,0.3391
ogbn-mag,RDM,8,1078,426.9582,0.3391
ogbn-mag,RDM,8,1079,427.3536,0.3391
ogbn-mag,RDM,8,1080,427.7486,0.3391
ogbn-mag,RDM,8,1081,428.1443,0.3391
ogbn-mag,RDM,8,1082,428.5414,0.3391
ogbn-mag,RDM,8,1083,428.9379,0.3391
ogbn-mag,RDM,8,1084,429.3337,0.3391
ogbn-mag,RDM,8,1085,429.7293,0.3391
ogbn-mag,RDM,8,1086,430.1248,0.3391
ogbn-mag,RDM,8,1087,430.5203,0.3391
ogbn-mag,RDM,8,1088,430.9157,0.3391
ogbn-mag,RDM,8,1089,431.3111,0.3391
ogbn-mag,RDM,8,1090,431.7078,0.3391
ogbn-mag,RDM,8,1091,432.1038,0.3391
ogbn-mag,RDM,8,1092,432.4998,0.3391
ogbn-mag,RDM,8,1093,432.8945,0.3391
ogbn-mag,RDM,8,1094,433.2892,0.3391
ogbn-mag,RDM,8,1095,433.6848,0.3391
ogbn-mag,RDM,8,1096,434.0801,0.3391
ogbn-mag,RDM,8,1097,434.4765,0.3391
ogbn-mag,RDM,8,1098,434.8722,0.3391
ogbn-mag,RDM,8,1099,435.2681,0.3391
ogbn-mag,RDM,8,1100,435.6634,0.3391
ogbn-mag,RDM,8,1101,436.0594,0.3391
ogbn-mag,RDM,8,1102,436.4544,0.3391
ogbn-mag,RDM,8,1103,436.8522,0.3391
ogbn-mag,RDM,8,1104,437.2500,0.3391
ogbn-mag,RDM,8,1105,437.6458,0.3391
ogbn-mag,RDM,8,1106,438.0449,0.3391
ogbn-mag,RDM,8,1107,438.4413,0.3391
ogbn-mag,RDM,8,1108,438.8369,0.3391
ogbn-mag,RDM,8,1109,439.2331,0.3391
ogbn-mag,RDM,8,1110,439.6287,0.3391
ogbn-mag,RDM,8,1111,440.0242,0.3391
ogbn-mag,RDM,8,1112,440.4207,0.3391
ogbn-mag,RDM,8,1113,440.8167,0.3391
ogbn-mag,RDM,8,1114,441.2119,0.3391
ogbn-mag,RDM,8,1115,441.6079,0.3391
ogbn-mag,RDM,8,1116,442.0034,0.3391
ogbn-mag,RDM,8,1117,442.3987,0.3391
ogbn-mag,RDM,8,1118,442.7943,0.3391
ogbn-mag,RDM,8,1119,443.1910,0.3391
ogbn-mag,RDM,8,1120,443.5860,0.3391
ogbn-mag,RDM,8,1121,443.9819,0.3391
ogbn-mag,RDM,8,1122,444.3776,0.3391
ogbn-mag,RDM,8,1123,444.7746,0.3391
ogbn-mag,RDM,8,1124,445.1700,0.3391
ogbn-mag,RDM,8,1125,445.5651,0.3391
ogbn-mag,RDM,8,1126,445.9604,0.3391
ogbn-mag,RDM,8,1127,446.3573,0.3391
ogbn-mag,RDM,8,1128,446.7523,0.3391
ogbn-mag,RDM,8,1129,447.1482,0.3391
ogbn-mag,RDM,8,1130,447.5447,0.3391
ogbn-mag,RDM,8,1131,447.9412,0.3391
ogbn-mag,RDM,8,1132,448.3369,0.3391
ogbn-mag,RDM,8,1133,448.7342,0.3391
ogbn-mag,RDM,8,1134,449.1295,0.3391
ogbn-mag,RDM,8,1135,449.5274,0.3391
ogbn-mag,RDM,8,1136,449.9232,0.3391
ogbn-mag,RDM,8,1137,450.3211,0.3391
ogbn-mag,RDM,8,1138,450.7170,0.3391
ogbn-mag,RDM,8,1139,451.1130,0.3391
ogbn-mag,RDM,8,1140,451.5091,0.3391
ogbn-mag,RDM,8,1141,451.9048,0.3391
ogbn-mag,RDM,8,1142,452.3025,0.3391
ogbn-mag,RDM,8,1143,452.6988,0.3391
ogbn-mag,RDM,8,1144,453.0972,0.3391
ogbn-mag,RDM,8,1145,453.4929,0.3391
ogbn-mag,RDM,8,1146,453.8901,0.3391
ogbn-mag,RDM,8,1147,454.2856,0.3391
ogbn-mag,RDM,8,1148,454.6815,0.3391
ogbn-mag,RDM,8,1149,455.0775,0.3391
ogbn-mag,RDM,8,1150,455.4758,0.3391
ogbn-mag,RDM,8,1151,455.8716,0.3391
ogbn-mag,RDM,8,1152,456.2693,0.3391
ogbn-mag,RDM,8,1153,456.6647,0.3391
ogbn-mag,RDM,8,1154,457.0602,0.3391
ogbn-mag,RDM,8,1155,457.4561,0.3391
ogbn-mag,RDM,8,1156,457.8519,0.3391
ogbn-mag,RDM,8,1157,458.2484,0.3391
ogbn-mag,RDM,8,1158,458.6442,0.3391
ogbn-mag,RDM,8,1159,459.0413,0.3391
ogbn-mag,RDM,8,1160,459.4369,0.3391
ogbn-mag,RDM,8,1161,459.8333,0.3391
ogbn-mag,RDM,8,1162,460.2285,0.3391
ogbn-mag,RDM,8,1163,460.6242,0.3391
ogbn-mag,RDM,8,1164,461.0197,0.3391
ogbn-mag,RDM,8,1165,461.4152,0.3391
ogbn-mag,RDM,8,1166,461.8108,0.3391
ogbn-mag,RDM,8,1167,462.2065,0.3391
ogbn-mag,RDM,8,1168,462.6026,0.3391
ogbn-mag,RDM,8,1169,462.9989,0.3391
ogbn-mag,RDM,8,1170,463.3943,0.3391
ogbn-mag,RDM,8,1171,463.7902,0.3391
ogbn-mag,RDM,8,1172,464.1859,0.3391
ogbn-mag,RDM,8,1173,464.5833,0.3391
ogbn-mag,RDM,8,1174,464.9788,0.3391
ogbn-mag,RDM,8,1175,465.3745,0.3391
ogbn-mag,RDM,8,1176,465.7702,0.3391
ogbn-mag,RDM,8,1177,466.1680,0.3391
ogbn-mag,RDM,8,1178,466.5637,0.3391
ogbn-mag,RDM,8,1179,466.9599,0.3391
ogbn-mag,RDM,8,1180,467.3563,0.3391
ogbn-mag,RDM,8,1181,467.7512,0.3391
ogbn-mag,RDM,8,1182,468.1495,0.3391
ogbn-mag,RDM,8,1183,468.5455,0.3391
ogbn-mag,RDM,8,1184,468.9416,0.3391
ogbn-mag,RDM,8,1185,469.3376,0.3391
ogbn-mag,RDM,8,1186,469.7333,0.3391
ogbn-mag,RDM,8,1187,470.1292,0.3391
ogbn-mag,RDM,8,1188,470.5250,0.3391
ogbn-mag,RDM,8,1189,470.9199,0.3391
ogbn-mag,RDM,8,1190,471.3161,0.3391
ogbn-mag,RDM,8,1191,471.7123,0.3391
ogbn-mag,RDM,8,1192,472.1076,0.3391
ogbn-mag,RDM,8,1193,472.5034,0.3391
ogbn-mag,RDM,8,1194,472.8994,0.3391
ogbn-mag,RDM,8,1195,473.2950,0.3391
ogbn-mag,RDM,8,1196,473.6903,0.3391
ogbn-mag,RDM,8,1197,474.0855,0.3391
ogbn-mag,RDM,8,1198,474.4841,0.3391
ogbn-mag,RDM,8,1199,474.8800,0.3391
ogbn-mag,RDM,8,1200,475.2757,0.3391
ogbn-mag,RDM,8,1201,475.6709,0.3391
ogbn-mag,RDM,8,1202,476.0669,0.3391
ogbn-mag,RDM,8,1203,476.4655,0.3391
ogbn-mag,RDM,8,1204,476.8611,0.3391
ogbn-mag,RDM,8,1205,477.2583,0.3391
ogbn-mag,RDM,8,1206,477.6541,0.3391
ogbn-mag,RDM,8,1207,478.0505,0.3391
ogbn-mag,RDM,8,1208,478.4466,0.3391
ogbn-mag,RDM,8,1209,478.8424,0.3391
ogbn-mag,RDM,8,1210,479.2383,0.3391
ogbn-mag,RDM,8,1211,479.6337,0.3391
ogbn-mag,RDM,8,1212,480.0316,0.3391
ogbn-mag,RDM,8,1213,480.4271,0.3391
ogbn-mag,RDM,8,1214,480.8223,0.3391
ogbn-mag,RDM,8,1215,481.2184,0.3391
ogbn-mag,RDM,8,1216,481.6145,0.3391
ogbn-mag,RDM,8,1217,482.0098,0.3391
ogbn-mag,RDM,8,1218,482.4051,0.3391
ogbn-mag,RDM,8,1219,482.8005,0.3391
ogbn-mag,RDM,8,1220,483.1963,0.3391
ogbn-mag,RDM,8,1221,483.5940,0.3391
ogbn-mag,RDM,8,1222,483.9901,0.3391
ogbn-mag,RDM,8,1223,484.3861,0.3391
ogbn-mag,RDM,8,1224,484.7817,0.3391
ogbn-mag,RDM,8,1225,485.1778,0.3391
ogbn-mag,RDM,8,1226,485.5735,0.3391
ogbn-mag,RDM,8,1227,485.9698,0.3391
ogbn-mag,RDM,8,1228,486.3657,0.3391
ogbn-mag,RDM,8,1229,486.7612,0.3391
ogbn-mag,RDM,8,1230,487.1567,0.3391
ogbn-mag,RDM,8,1231,487.5541,0.3391
ogbn-mag,RDM,8,1232,487.9498,0.3391
ogbn-mag,RDM,8,1233,488.3449,0.3391
ogbn-mag,RDM,8,1234,488.7409,0.3391
ogbn-mag,RDM,8,1235,489.1381,0.3391
ogbn-mag,RDM,8,1236,489.5341,0.3391
ogbn-mag,RDM,8,1237,489.9304,0.3391
ogbn-mag,RDM,8,1238,490.3259,0.3391
ogbn-mag,RDM,8,1239,490.7220,0.3391
ogbn-mag,RDM,8,1240,491.1197,0.3391
ogbn-mag,RDM,8,1241,491.5165,0.3391
ogbn-mag,RDM,8,1242,491.9121,0.3391
ogbn-mag,RDM,8,1243,492.3079,0.3391
ogbn-mag,RDM,8,1244,492.7040,0.3391
ogbn-mag,RDM,8,1245,493.0996,0.3391
ogbn-mag,RDM,8,1246,493.4956,0.3391
ogbn-mag,RDM,8,1247,493.8912,0.3391
ogbn-mag,RDM,8,1248,494.2865,0.3391
ogbn-mag,RDM,8,1249,494.6824,0.3391
ogbn-mag,RDM,8,1250,495.0782,0.3391
ogbn-mag,RDM,8,1251,495.4742,0.3391
ogbn-mag,RDM,8,1252,495.8699,0.3391
ogbn-mag,RDM,8,1253,496.2665,0.3391
ogbn-mag,RDM,8,1254,496.6621,0.3391
ogbn-mag,RDM,8,1255,497.0574,0.3391
ogbn-mag,RDM,8,1256,497.4534,0.3391
ogbn-mag,RDM,8,1257,497.8494,0.3391
ogbn-mag,RDM,8,1258,498.2451,0.3391
ogbn-mag,RDM,8,1259,498.6412,0.3391
ogbn-mag,RDM,8,1260,499.0368,0.3391
ogbn-mag,RDM,8,1261,499.4330,0.3391
ogbn-mag,RDM,8,1262,499.8285,0.3391
ogbn-mag,RDM,8,1263,500.2249,0.3391
ogbn-mag,RDM,8,1264,500.6203,0.3391
ogbn-mag,RDM,8,1265,501.0172,0.3391
ogbn-mag,RDM,8,1266,501.4132,0.3391
ogbn-mag,RDM,8,1267,501.8092,0.3391
ogbn-mag,RDM,8,1268,502.2050,0.3391
ogbn-mag,RDM,8,1269,502.6010,0.3391
ogbn-mag,RDM,8,1270,502.9963,0.3391
ogbn-mag,RDM,8,1271,503.3921,0.3391
ogbn-mag,RDM,8,1272,503.7905,0.3391
ogbn-mag,RDM,8,1273,504.1864,0.3391
ogbn-mag,RDM,8,1274,504.5813,0.3391
ogbn-mag,RDM,8,1275,504.9786,0.3391
ogbn-mag,RDM,8,1276,505.3735,0.3391
ogbn-mag,RDM,8,1277,505.7693,0.3391
ogbn-mag,RDM,8,1278,506.1650,0.3391
ogbn-mag,RDM,8,1279,506.5611,0.3391
ogbn-mag,RDM,8,1280,506.9571,0.3391
ogbn-mag,RDM,8,1281,507.3526,0.3391
ogbn-mag,RDM,8,1282,507.7485,0.3391
ogbn-mag,RDM,8,1283,508.1449,0.3391
ogbn-mag,RDM,8,1284,508.5407,0.3391
ogbn-mag,RDM,8,1285,508.9371,0.3391
ogbn-mag,RDM,8,1286,509.3331,0.3391
ogbn-mag,RDM,8,1287,509.7291,0.3391
ogbn-mag,RDM,8,1288,510.1257,0.3391
ogbn-mag,RDM,8,1289,510.5216,0.3391
ogbn-mag,RDM,8,1290,510.9169,0.3391
ogbn-mag,RDM,8,1291,511.3160,0.3391
ogbn-mag,RDM,8,1292,511.7119,0.3391
ogbn-mag,RDM,8,1293,512.1080,0.3391
ogbn-mag,RDM,8,1294,512.5033,0.3391
ogbn-mag,RDM,8,1295,512.8985,0.3391
ogbn-mag,RDM,8,1296,513.2946,0.3391
ogbn-mag,RDM,8,1297,513.6905,0.3391
ogbn-mag,RDM,8,1298,514.0866,0.3391
ogbn-mag,RDM,8,1299,514.4830,0.3391
ogbn-mag,RDM,8,1300,514.8789,0.3391
ogbn-mag,RDM,8,1301,515.2776,0.3391
ogbn-mag,RDM,8,1302,515.6734,0.3391
ogbn-mag,RDM,8,1303,516.0702,0.3391
ogbn-mag,RDM,8,1304,516.4657,0.3391
ogbn-mag,RDM,8,1305,516.8615,0.3391
ogbn-mag,RDM,8,1306,517.2594,0.3391
ogbn-mag,RDM,8,1307,517.6571,0.3391
ogbn-mag,RDM,8,1308,518.0529,0.3391
ogbn-mag,RDM,8,1309,518.4485,0.3391
ogbn-mag,RDM,8,1310,518.8441,0.3391
ogbn-mag,RDM,8,1311,519.2398,0.3392
ogbn-mag,RDM,8,1312,519.6361,0.3392
ogbn-mag,RDM,8,1313,520.0312,0.3392
ogbn-mag,RDM,8,1314,520.4264,0.3392
ogbn-mag,RDM,8,1315,520.8219,0.3392
ogbn-mag,RDM,8,1316,521.2180,0.3392
ogbn-mag,RDM,8,1317,521.6138,0.3392
ogbn-mag,RDM,8,1318,522.0107,0.3392
ogbn-mag,RDM,8,1319,522.4066,0.3392
ogbn-mag,RDM,8,1320,522.8028,0.3392
ogbn-mag,RDM,8,1321,523.1983,0.3392
ogbn-mag,RDM,8,1322,523.5968,0.3392
ogbn-mag,RDM,8,1323,523.9927,0.3392
ogbn-mag,RDM,8,1324,524.3890,0.3392
ogbn-mag,RDM,8,1325,524.7845,0.3392
ogbn-mag,RDM,8,1326,525.1796,0.3392
ogbn-mag,RDM,8,1327,525.5771,0.3392
ogbn-mag,RDM,8,1328,525.9734,0.3392
ogbn-mag,RDM,8,1329,526.3717,0.3392
ogbn-mag,RDM,8,1330,526.7669,0.3392
ogbn-mag,RDM,8,1331,527.1619,0.3392
ogbn-mag,RDM,8,1332,527.5576,0.3392
ogbn-mag,RDM,8,1333,527.9532,0.3392
ogbn-mag,RDM,8,1334,528.3486,0.3392
ogbn-mag,RDM,8,1335,528.7459,0.3392
ogbn-mag,RDM,8,1336,529.1420,0.3392
ogbn-mag,RDM,8,1337,529.5371,0.3392
ogbn-mag,RDM,8,1338,529.9326,0.3392
ogbn-mag,RDM,8,1339,530.3285,0.3392
ogbn-mag,RDM,8,1340,530.7238,0.3392
ogbn-mag,RDM,8,1341,531.1197,0.3392
ogbn-mag,RDM,8,1342,531.5155,0.3392
ogbn-mag,RDM,8,1343,531.9115,0.3392
ogbn-mag,RDM,8,1344,532.3077,0.3392
ogbn-mag,RDM,8,1345,532.7033,0.3392
ogbn-mag,RDM,8,1346,533.0994,0.3392
ogbn-mag,RDM,8,1347,533.4954,0.3392
ogbn-mag,RDM,8,1348,533.8917,0.3392
ogbn-mag,RDM,8,1349,534.2873,0.3392
ogbn-mag,RDM,8,1350,534.6835,0.3392
ogbn-mag,RDM,8,1351,535.0795,0.3392
ogbn-mag,RDM,8,1352,535.4746,0.3392
ogbn-mag,RDM,8,1353,535.8703,0.3392
ogbn-mag,RDM,8,1354,536.2681,0.3392
ogbn-mag,RDM,8,1355,536.6640,0.3392
ogbn-mag,RDM,8,1356,537.0593,0.3392
ogbn-mag,RDM,8,1357,537.4546,0.3392
ogbn-mag,RDM,8,1358,537.8502,0.3392
ogbn-mag,RDM,8,1359,538.2467,0.3392
ogbn-mag,RDM,8,1360,538.6428,0.3392
ogbn-mag,RDM,8,1361,539.0384,0.3392
ogbn-mag,RDM,8,1362,539.4362,0.3392
ogbn-mag,RDM,8,1363,539.8324,0.3392
ogbn-mag,RDM,8,1364,540.2285,0.3392
ogbn-mag,RDM,8,1365,540.6249,0.3392
ogbn-mag,RDM,8,1366,541.0200,0.3392
ogbn-mag,RDM,8,1367,541.4165,0.3392
ogbn-mag,RDM,8,1368,541.8138,0.3392
ogbn-mag,RDM,8,1369,542.2100,0.3392
ogbn-mag,RDM,8,1370,542.6050,0.3392
ogbn-mag,RDM,8,1371,543.0008,0.3392
ogbn-mag,RDM,8,1372,543.3966,0.3392
ogbn-mag,RDM,8,1373,543.7915,0.3392
ogbn-mag,RDM,8,1374,544.1872,0.3392
ogbn-mag,RDM,8,1375,544.5830,0.3392
ogbn-mag,RDM,8,1376,544.9786,0.3392
ogbn-mag,RDM,8,1377,545.3739,0.3392
ogbn-mag,RDM,8,1378,545.7699,0.3392
ogbn-mag,RDM,8,1379,546.1660,0.3392
ogbn-mag,RDM,8,1380,546.5655,0.3392
ogbn-mag,RDM,8,1381,546.9613,0.3392
ogbn-mag,RDM,8,1382,547.3565,0.3392
ogbn-mag,RDM,8,1383,547.7531,0.3392
ogbn-mag,RDM,8,1384,548.1496,0.3392
ogbn-mag,RDM,8,1385,548.5455,0.3392
ogbn-mag,RDM,8,1386,548.9415,0.3392
ogbn-mag,RDM,8,1387,549.3378,0.3392
ogbn-mag,RDM,8,1388,549.7347,0.3392
ogbn-mag,RDM,8,1389,550.1299,0.3392
ogbn-mag,RDM,8,1390,550.5262,0.3392
ogbn-mag,RDM,8,1391,550.9219,0.3392
ogbn-mag,RDM,8,1392,551.3177,0.3392
ogbn-mag,RDM,8,1393,551.7140,0.3392
ogbn-mag,RDM,8,1394,552.1100,0.3392
ogbn-mag,RDM,8,1395,552.5057,0.3392
ogbn-mag,RDM,8,1396,552.9027,0.3392
ogbn-mag,RDM,8,1397,553.2984,0.3392
ogbn-mag,RDM,8,1398,553.6938,0.3392
ogbn-mag,RDM,8,1399,554.0900,0.3392
ogbn-mag,RDM,8,1400,554.4864,0.3392
ogbn-mag,RDM,8,1401,554.8816,0.3392
ogbn-mag,RDM,8,1402,555.2771,0.3392
ogbn-mag,RDM,8,1403,555.6748,0.3392
ogbn-mag,RDM,8,1404,556.0698,0.3392
ogbn-mag,RDM,8,1405,556.4669,0.3392
ogbn-mag,RDM,8,1406,556.8628,0.3392
ogbn-mag,RDM,8,1407,557.2584,0.3392
ogbn-mag,RDM,8,1408,557.6583,0.3392
ogbn-mag,RDM,8,1409,558.0545,0.3392
ogbn-mag,RDM,8,1410,558.4500,0.3392
ogbn-mag,RDM,8,1411,558.8461,0.3392
ogbn-mag,RDM,8,1412,559.2442,0.3392
ogbn-mag,RDM,8,1413,559.6398,0.3392
ogbn-mag,RDM,8,1414,560.0356,0.3392
ogbn-mag,RDM,8,1415,560.4310,0.3392
ogbn-mag,RDM,8,1416,560.8273,0.3392
ogbn-mag,RDM,8,1417,561.2221,0.3392
ogbn-mag,RDM,8,1418,561.6183,0.3392
ogbn-mag,RDM,8,1419,562.0148,0.3392
ogbn-mag,RDM,8,1420,562.4114,0.3392
ogbn-mag,RDM,8,1421,562.8069,0.3392
ogbn-mag,RDM,8,1422,563.2027,0.3392
ogbn-mag,RDM,8,1423,563.5992,0.3392
ogbn-mag,RDM,8,1424,563.9954,0.3392
ogbn-mag,RDM,8,1425,564.3914,0.3392
ogbn-mag,RDM,8,1426,564.7880,0.3392
ogbn-mag,RDM,8,1427,565.1836,0.3392
ogbn-mag,RDM,8,1428,565.5789,0.3392
ogbn-mag,RDM,8,1429,565.9748,0.3392
ogbn-mag,RDM,8,1430,566.3708,0.3392
ogbn-mag,RDM,8,1431,566.7662,0.3392
ogbn-mag,RDM,8,1432,567.1625,0.3392
ogbn-mag,RDM,8,1433,567.5586,0.3392
ogbn-mag,RDM,8,1434,567.9549,0.3392
ogbn-mag,RDM,8,1435,568.3509,0.3392
ogbn-mag,RDM,8,1436,568.7480,0.3392
ogbn-mag,RDM,8,1437,569.1489,0.3392
ogbn-mag,RDM,8,1438,569.5447,0.3392
ogbn-mag,RDM,8,1439,569.9404,0.3392
ogbn-mag,RDM,8,1440,570.3359,0.3392
ogbn-mag,RDM,8,1441,570.7319,0.3392
ogbn-mag,RDM,8,1442,571.1292,0.3392
ogbn-mag,RDM,8,1443,571.5249,0.3392
ogbn-mag,RDM,8,1444,571.9209,0.3392
ogbn-mag,RDM,8,1445,572.3159,0.3392
ogbn-mag,RDM,8,1446,572.7109,0.3392
ogbn-mag,RDM,8,1447,573.1068,0.3392
ogbn-mag,RDM,8,1448,573.5024,0.3392
ogbn-mag,RDM,8,1449,573.8981,0.3392
ogbn-mag,RDM,8,1450,574.2940,0.3392
ogbn-mag,RDM,8,1451,574.6899,0.3392
ogbn-mag,RDM,8,1452,575.0900,0.3392
ogbn-mag,RDM,8,1453,575.4866,0.3392
ogbn-mag,RDM,8,1454,575.8825,0.3392
ogbn-mag,RDM,8,1455,576.2792,0.3392
ogbn-mag,RDM,8,1456,576.6743,0.3392
ogbn-mag,RDM,8,1457,577.0697,0.3392
ogbn-mag,RDM,8,1458,577.4668,0.3392
ogbn-mag,RDM,8,1459,577.8627,0.3392
ogbn-mag,RDM,8,1460,578.2586,0.3392
ogbn-mag,RDM,8,1461,578.6539,0.3392
ogbn-mag,RDM,8,1462,579.0495,0.3392
ogbn-mag,RDM,8,1463,579.4459,0.3392
ogbn-mag,RDM,8,1464,579.8411,0.3392
ogbn-mag,RDM,8,1465,580.2361,0.3392
ogbn-mag,RDM,8,1466,580.6313,0.3392
ogbn-mag,RDM,8,1467,581.0280,0.3392
ogbn-mag,RDM,8,1468,581.4234,0.3392
ogbn-mag,RDM,8,1469,581.8193,0.3392
ogbn-mag,RDM,8,1470,582.2178,0.3392
ogbn-mag,RDM,8,1471,582.6155,0.3392
ogbn-mag,RDM,8,1472,583.0110,0.3392
ogbn-mag,RDM,8,1473,583.4064,0.3392
ogbn-mag,RDM,8,1474,583.8019,0.3392
ogbn-mag,RDM,8,1475,584.2002,0.3392
ogbn-mag,RDM,8,1476,584.5955,0.3392
ogbn-mag,RDM,8,1477,584.9912,0.3392
ogbn-mag,RDM,8,1478,585.3872,0.3392
ogbn-mag,RDM,8,1479,585.7828,0.3392
ogbn-mag,RDM,8,1480,586.1790,0.3392
ogbn-mag,RDM,8,1481,586.5754,0.3392
ogbn-mag,RDM,8,1482,586.9719,0.3392
ogbn-mag,RDM,8,1483,587.3678,0.3392
ogbn-mag,RDM,8,1484,587.7653,0.3392
ogbn-mag,RDM,8,1485,588.1656,0.3392
ogbn-mag,RDM,8,1486,588.5606,0.3392
ogbn-mag,RDM,8,1487,588.9559,0.3392
ogbn-mag,RDM,8,1488,589.3504,0.3392
ogbn-mag,RDM,8,1489,589.7457,0.3392
ogbn-mag,RDM,8,1490,590.1412,0.3392
ogbn-mag,RDM,8,1491,590.5390,0.3392
ogbn-mag,RDM,8,1492,590.9376,0.3392
ogbn-mag,RDM,8,1493,591.3329,0.3392
ogbn-mag,RDM,8,1494,591.7275,0.3392
ogbn-mag,RDM,8,1495,592.1240,0.3392
ogbn-mag,RDM,8,1496,592.5205,0.3392
ogbn-mag,RDM,8,1497,592.9162,0.3392
ogbn-mag,RDM,8,1498,593.3151,0.3392
ogbn-mag,RDM,8,1499,593.7110,0.3392
ogbn-mag,RDM,8,1500,594.1058,0.3392
ogbn-mag,RDM,8,1501,594.5008,0.3392
ogbn-mag,RDM,8,1502,594.8957,0.3392
ogbn-mag,RDM,8,1503,595.2917,0.3392
ogbn-mag,RDM,8,1504,595.6874,0.3392
ogbn-mag,RDM,8,1505,596.0831,0.3392
ogbn-mag,RDM,8,1506,596.4827,0.3392
ogbn-mag,RDM,8,1507,596.8786,0.3392
ogbn-mag,RDM,8,1508,597.2742,0.3392
ogbn-mag,RDM,8,1509,597.6698,0.3392
ogbn-mag,RDM,8,1510,598.0655,0.3392
ogbn-mag,RDM,8,1511,598.4615,0.3392
ogbn-mag,RDM,8,1512,598.8578,0.3392
ogbn-mag,RDM,8,1513,599.2534,0.3392
ogbn-mag,RDM,8,1514,599.6530,0.3392
ogbn-mag,RDM,8,1515,600.0484,0.3392
ogbn-mag,RDM,8,1516,600.4445,0.3392
ogbn-mag,RDM,8,1517,600.8400,0.3392
ogbn-mag,RDM,8,1518,601.2353,0.3392
ogbn-mag,RDM,8,1519,601.6310,0.3392
ogbn-mag,RDM,8,1520,602.0309,0.3392
ogbn-mag,RDM,8,1521,602.4264,0.3392
ogbn-mag,RDM,8,1522,602.8234,0.3392
ogbn-mag,RDM,8,1523,603.2189,0.3392
ogbn-mag,RDM,8,1524,603.6174,0.3392
ogbn-mag,RDM,8,1525,604.0156,0.3392
ogbn-mag,RDM,8,1526,604.4110,0.3392
ogbn-mag,RDM,8,1527,604.8072,0.3392
ogbn-mag,RDM,8,1528,605.2017,0.3392
ogbn-mag,RDM,8,1529,605.5975,0.3392
ogbn-mag,RDM,8,1530,605.9992,0.3392
ogbn-mag,RDM,8,1531,606.3990,0.3392
ogbn-mag,RDM,8,1532,606.7952,0.3392
ogbn-mag,RDM,8,1533,607.1912,0.3392
ogbn-mag,RDM,8,1534,607.5876,0.3392
ogbn-mag,RDM,8,1535,607.9879,0.3392
ogbn-mag,RDM,8,1536,608.3840,0.3392
ogbn-mag,RDM,8,1537,608.7793,0.3392
ogbn-mag,RDM,8,1538,609.1745,0.3392
ogbn-mag,RDM,8,1539,609.5713,0.3392
ogbn-mag,RDM,8,1540,609.9670,0.3392
ogbn-mag,RDM,8,1541,610.3621,0.3392
ogbn-mag,RDM,8,1542,610.7574,0.3392
ogbn-mag,RDM,8,1543,611.1535,0.3392
ogbn-mag,RDM,8,1544,611.5490,0.3392
ogbn-mag,RDM,8,1545,611.9444,0.3392
ogbn-mag,RDM,8,1546,612.3411,0.3392
ogbn-mag,RDM,8,1547,612.7365,0.3392
ogbn-mag,RDM,8,1548,613.1321,0.3392
ogbn-mag,RDM,8,1549,613.5274,0.3392
ogbn-mag,RDM,8,1550,613.9229,0.3392
ogbn-mag,RDM,8,1551,614.3188,0.3392
ogbn-mag,RDM,8,1552,614.7151,0.3392
ogbn-mag,RDM,8,1553,615.1107,0.3392
ogbn-mag,RDM,8,1554,615.5061,0.3392
ogbn-mag,RDM,8,1555,615.9012,0.3392
ogbn-mag,RDM,8,1556,616.2973,0.3392
ogbn-mag,RDM,8,1557,616.6967,0.3392
ogbn-mag,RDM,8,1558,617.0923,0.3392
ogbn-mag,RDM,8,1559,617.4877,0.3392
ogbn-mag,RDM,8,1560,617.8834,0.3392
ogbn-mag,RDM,8,1561,618.2795,0.3392
ogbn-mag,RDM,8,1562,618.6755,0.3392
ogbn-mag,RDM,8,1563,619.0720,0.3392
ogbn-mag,RDM,8,1564,619.4675,0.3392
ogbn-mag,RDM,8,1565,619.8627,0.3392
ogbn-mag,RDM,8,1566,620.2617,0.3392
ogbn-mag,RDM,8,1567,620.6570,0.3392
ogbn-mag,RDM,8,1568,621.0528,0.3392
ogbn-mag,RDM,8,1569,621.4486,0.3392
ogbn-mag,RDM,8,1570,621.8443,0.3392
ogbn-mag,RDM,8,1571,622.2407,0.3392
ogbn-mag,RDM,8,1572,622.6367,0.3392
ogbn-mag,RDM,8,1573,623.0330,0.3392
ogbn-mag,RDM,8,1574,623.4288,0.3392
ogbn-mag,RDM,8,1575,623.8242,0.3392
ogbn-mag,RDM,8,1576,624.2205,0.3392
ogbn-mag,RDM,8,1577,624.6158,0.3392
ogbn-mag,RDM,8,1578,625.0112,0.3392
ogbn-mag,RDM,8,1579,625.4070,0.3392
ogbn-mag,RDM,8,1580,625.8026,0.3392
ogbn-mag,RDM,8,1581,626.1979,0.3392
ogbn-mag,RDM,8,1582,626.5931,0.3392
ogbn-mag,RDM,8,1583,626.9887,0.3392
ogbn-mag,RDM,8,1584,627.3846,0.3392
ogbn-mag,RDM,8,1585,627.7802,0.3392
ogbn-mag,RDM,8,1586,628.1765,0.3392
ogbn-mag,RDM,8,1587,628.5766,0.3392
ogbn-mag,RDM,8,1588,628.9718,0.3392
ogbn-mag,RDM,8,1589,629.3681,0.3392
ogbn-mag,RDM,8,1590,629.7632,0.3392
ogbn-mag,RDM,8,1591,630.1588,0.3392
ogbn-mag,RDM,8,1592,630.5545,0.3392
ogbn-mag,RDM,8,1593,630.9504,0.3392
ogbn-mag,RDM,8,1594,631.3458,0.3392
ogbn-mag,RDM,8,1595,631.7413,0.3392
ogbn-mag,RDM,8,1596,632.1374,0.3392
ogbn-mag,RDM,8,1597,632.5332,0.3392
ogbn-mag,RDM,8,1598,632.9284,0.3392
ogbn-mag,RDM,8,1599,633.3252,0.3392
ogbn-mag,RDM,8,1600,633.7267,0.3392
ogbn-mag,RDM,8,1601,634.1225,0.3392
ogbn-mag,RDM,8,1602,634.5186,0.3392
ogbn-mag,RDM,8,1603,634.9170,0.3392
ogbn-mag,RDM,8,1604,635.3132,0.3392
ogbn-mag,RDM,8,1605,635.7093,0.3392
ogbn-mag,RDM,8,1606,636.1046,0.3392
ogbn-mag,RDM,8,1607,636.5007,0.3392
ogbn-mag,RDM,8,1608,636.8962,0.3392
ogbn-mag,RDM,8,1609,637.2916,0.3392
ogbn-mag,RDM,8,1610,637.6898,0.3392
ogbn-mag,RDM,8,1611,638.0865,0.3392
ogbn-mag,RDM,8,1612,638.4822,0.3392
ogbn-mag,RDM,8,1613,638.8769,0.3392
ogbn-mag,RDM,8,1614,639.2717,0.3392
ogbn-mag,RDM,8,1615,639.6666,0.3392
ogbn-mag,RDM,8,1616,640.0631,0.3392
ogbn-mag,RDM,8,1617,640.4581,0.3392
ogbn-mag,RDM,8,1618,640.8550,0.3392
ogbn-mag,RDM,8,1619,641.2505,0.3392
ogbn-mag,RDM,8,1620,641.6454,0.3392
ogbn-mag,RDM,8,1621,642.0407,0.3392
ogbn-mag,RDM,8,1622,642.4381,0.3392
ogbn-mag,RDM,8,1623,642.8369,0.3392
ogbn-mag,RDM,8,1624,643.2321,0.3392
ogbn-mag,RDM,8,1625,643.6272,0.3392
ogbn-mag,RDM,8,1626,644.0287,0.3392
ogbn-mag,RDM,8,1627,644.4246,0.3392
ogbn-mag,RDM,8,1628,644.8204,0.3392
ogbn-mag,RDM,8,1629,645.2198,0.3392
ogbn-mag,RDM,8,1630,645.6162,0.3392
ogbn-mag,RDM,8,1631,646.0119,0.3392
ogbn-mag,RDM,8,1632,646.4074,0.3392
ogbn-mag,RDM,8,1633,646.8027,0.3392
ogbn-mag,RDM,8,1634,647.1978,0.3392
ogbn-mag,RDM,8,1635,647.5943,0.3392
ogbn-mag,RDM,8,1636,647.9901,0.3392
ogbn-mag,RDM,8,1637,648.3860,0.3392
ogbn-mag,RDM,8,1638,648.7812,0.3392
ogbn-mag,RDM,8,1639,649.1776,0.3392
ogbn-mag,RDM,8,1640,649.5751,0.3392
ogbn-mag,RDM,8,1641,649.9715,0.3392
ogbn-mag,RDM,8,1642,650.3685,0.3392
ogbn-mag,RDM,8,1643,650.7642,0.3392
ogbn-mag,RDM,8,1644,651.1593,0.3392
ogbn-mag,RDM,8,1645,651.5590,0.3392
ogbn-mag,RDM,8,1646,651.9569,0.3392
ogbn-mag,RDM,8,1647,652.3532,0.3392
ogbn-mag,RDM,8,1648,652.7482,0.3392
ogbn-mag,RDM,8,1649,653.1434,0.3392
ogbn-mag,RDM,8,1650,653.5394,0.3392
ogbn-mag,RDM,8,1651,653.9350,0.3392
ogbn-mag,RDM,8,1652,654.3304,0.3392
ogbn-mag,RDM,8,1653,654.7263,0.3392
ogbn-mag,RDM,8,1654,655.1216,0.3392
ogbn-mag,RDM,8,1655,655.5175,0.3392
ogbn-mag,RDM,8,1656,655.9134,0.3392
ogbn-mag,RDM,8,1657,656.3082,0.3392
ogbn-mag,RDM,8,1658,656.7037,0.3392
ogbn-mag,RDM,8,1659,657.1001,0.3392
ogbn-mag,RDM,8,1660,657.4953,0.3392
ogbn-mag,RDM,8,1661,657.8902,0.3392
ogbn-mag,RDM,8,1662,658.2860,0.3392
ogbn-mag,RDM,8,1663,658.6807,0.3392
ogbn-mag,RDM,8,1664,659.0784,0.3392
ogbn-mag,RDM,8,1665,659.4761,0.3392
ogbn-mag,RDM,8,1666,659.8715,0.3392
ogbn-mag,RDM,8,1667,660.2678,0.3392
ogbn-mag,RDM,8,1668,660.6627,0.3392
ogbn-mag,RDM,8,1669,661.0583,0.3392
ogbn-mag,RDM,8,1670,661.4534,0.3392
ogbn-mag,RDM,8,1671,661.8502,0.3392
ogbn-mag,RDM,8,1672,662.2495,0.3392
ogbn-mag,RDM,8,1673,662.6440,0.3392
ogbn-mag,RDM,8,1674,663.0390,0.3392
ogbn-mag,RDM,8,1675,663.4357,0.3392
ogbn-mag,RDM,8,1676,663.8333,0.3392
ogbn-mag,RDM,8,1677,664.2310,0.3392
ogbn-mag,RDM,8,1678,664.6280,0.3392
ogbn-mag,RDM,8,1679,665.0255,0.3392
ogbn-mag,RDM,8,1680,665.4234,0.3392
ogbn-mag,RDM,8,1681,665.8189,0.3392
ogbn-mag,RDM,8,1682,666.2147,0.3392
ogbn-mag,RDM,8,1683,666.6128,0.3392
ogbn-mag,RDM,8,1684,667.0086,0.3392
ogbn-mag,RDM,8,1685,667.4041,0.3392
ogbn-mag,RDM,8,1686,667.8027,0.3392
ogbn-mag,RDM,8,1687,668.2021,0.3392
ogbn-mag,RDM,8,1688,668.5980,0.3392
ogbn-mag,RDM,8,1689,668.9969,0.3392
ogbn-mag,RDM,8,1690,669.3930,0.3392
ogbn-mag,RDM,8,1691,669.7896,0.3392
ogbn-mag,RDM,8,1692,670.1867,0.3392
ogbn-mag,RDM,8,1693,670.5850,0.3392
ogbn-mag,RDM,8,1694,670.9807,0.3392
ogbn-mag,RDM,8,1695,671.3787,0.3392
ogbn-mag,RDM,8,1696,671.7766,0.3392
ogbn-mag,RDM,8,1697,672.1719,0.3392
ogbn-mag,RDM,8,1698,672.5670,0.3392
ogbn-mag,RDM,8,1699,672.9627,0.3392
ogbn-mag,RDM,8,1700,673.3620,0.3392
ogbn-mag,RDM,8,1701,673.7580,0.3392
ogbn-mag,RDM,8,1702,674.1529,0.3392
ogbn-mag,RDM,8,1703,674.5487,0.3392
ogbn-mag,RDM,8,1704,674.9448,0.3392
ogbn-mag,RDM,8,1705,675.3401,0.3392
ogbn-mag,RDM,8,1706,675.7369,0.3392
ogbn-mag,RDM,8,1707,676.1321,0.3392
ogbn-mag,RDM,8,1708,676.5298,0.3392
ogbn-mag,RDM,8,1709,676.9249,0.3392
ogbn-mag,RDM,8,1710,677.3207,0.3392
ogbn-mag,RDM,8,1711,677.7165,0.3392
ogbn-mag,RDM,8,1712,678.1119,0.3392
ogbn-mag,RDM,8,1713,678.5079,0.3392
ogbn-mag,RDM,8,1714,678.9034,0.3392
ogbn-mag,RDM,8,1715,679.2996,0.3392
ogbn-mag,RDM,8,1716,679.6948,0.3392
ogbn-mag,RDM,8,1717,680.0929,0.3392
ogbn-mag,RDM,8,1718,680.4880,0.3392
ogbn-mag,RDM,8,1719,680.8837,0.3392
ogbn-mag,RDM,8,1720,681.2798,0.3392
ogbn-mag,RDM,8,1721,681.6748,0.3392
ogbn-mag,RDM,8,1722,682.0700,0.3392
ogbn-mag,RDM,8,1723,682.4655,0.3392
ogbn-mag,RDM,8,1724,682.8650,0.3392
ogbn-mag,RDM,8,1725,683.2603,0.3392
ogbn-mag,RDM,8,1726,683.6562,0.3392
ogbn-mag,RDM,8,1727,684.0523,0.3392
ogbn-mag,RDM,8,1728,684.4485,0.3392
ogbn-mag,RDM,8,1729,684.8434,0.3392
ogbn-mag,RDM,8,1730,685.2384,0.3392
ogbn-mag,RDM,8,1731,685.6342,0.3392
ogbn-mag,RDM,8,1732,686.0306,0.3392
ogbn-mag,RDM,8,1733,686.4262,0.3392
ogbn-mag,RDM,8,1734,686.8215,0.3392
ogbn-mag,RDM,8,1735,687.2170,0.3392
ogbn-mag,RDM,8,1736,687.6148,0.3392
ogbn-mag,RDM,8,1737,688.0101,0.3392
ogbn-mag,RDM,8,1738,688.4055,0.3392
ogbn-mag,RDM,8,1739,688.8019,0.3392
ogbn-mag,RDM,8,1740,689.1977,0.3392
ogbn-mag,RDM,8,1741,689.5985,0.3392
ogbn-mag,RDM,8,1742,689.9944,0.3392
ogbn-mag,RDM,8,1743,690.3903,0.3392
ogbn-mag,RDM,8,1744,690.7855,0.3392
ogbn-mag,RDM,8,1745,691.1812,0.3392
ogbn-mag,RDM,8,1746,691.5766,0.3392
ogbn-mag,RDM,8,1747,691.9724,0.3392
ogbn-mag,RDM,8,1748,692.3680,0.3392
ogbn-mag,RDM,8,1749,692.7633,0.3392
ogbn-mag,RDM,8,1750,693.1586,0.3392
ogbn-mag,RDM,8,1751,693.5543,0.3392
ogbn-mag,RDM,8,1752,693.9495,0.3392
ogbn-mag,RDM,8,1753,694.3447,0.3392
ogbn-mag,RDM,8,1754,694.7404,0.3392
ogbn-mag,RDM,8,1755,695.1359,0.3392
ogbn-mag,RDM,8,1756,695.5313,0.3392
ogbn-mag,RDM,8,1757,695.9261,0.3392
ogbn-mag,RDM,8,1758,696.3216,0.3392
ogbn-mag,RDM,8,1759,696.7189,0.3392
ogbn-mag,RDM,8,1760,697.1145,0.3392
ogbn-mag,RDM,8,1761,697.5136,0.3392
ogbn-mag,RDM,8,1762,697.9096,0.3392
ogbn-mag,RDM,8,1763,698.3053,0.3392
ogbn-mag,RDM,8,1764,698.7007,0.3392
ogbn-mag,RDM,8,1765,699.0957,0.3392
ogbn-mag,RDM,8,1766,699.4921,0.3392
ogbn-mag,RDM,8,1767,699.8902,0.3392
ogbn-mag,RDM,8,1768,700.2855,0.3392
ogbn-mag,RDM,8,1769,700.6843,0.3392
ogbn-mag,RDM,8,1770,701.0798,0.3392
ogbn-mag,RDM,8,1771,701.4767,0.3392
ogbn-mag,RDM,8,1772,701.8726,0.3392
ogbn-mag,RDM,8,1773,702.2720,0.3392
ogbn-mag,RDM,8,1774,702.6675,0.3392
ogbn-mag,RDM,8,1775,703.0674,0.3392
ogbn-mag,RDM,8,1776,703.4628,0.3392
ogbn-mag,RDM,8,1777,703.8577,0.3392
ogbn-mag,RDM,8,1778,704.2522,0.3392
ogbn-mag,RDM,8,1779,704.6482,0.3392
ogbn-mag,RDM,8,1780,705.0438,0.3392
ogbn-mag,RDM,8,1781,705.4386,0.3392
ogbn-mag,RDM,8,1782,705.8340,0.3392
ogbn-mag,RDM,8,1783,706.2335,0.3392
ogbn-mag,RDM,8,1784,706.6286,0.3392
ogbn-mag,RDM,8,1785,707.0238,0.3392
ogbn-mag,RDM,8,1786,707.4195,0.3392
ogbn-mag,RDM,8,1787,707.8156,0.3392
ogbn-mag,RDM,8,1788,708.2113,0.3392
ogbn-mag,RDM,8,1789,708.6071,0.3392
ogbn-mag,RDM,8,1790,709.0021,0.3392
ogbn-mag,RDM,8,1791,709.3989,0.3392
ogbn-mag,RDM,8,1792,709.7947,0.3392
ogbn-mag,RDM,8,1793,710.1901,0.3392
ogbn-mag,RDM,8,1794,710.5856,0.3392
ogbn-mag,RDM,8,1795,710.9811,0.3392
ogbn-mag,RDM,8,1796,711.3765,0.3392
ogbn-mag,RDM,8,1797,711.7723,0.3392
ogbn-mag,RDM,8,1798,712.1676,0.3392
ogbn-mag,RDM,8,1799,712.5640,0.3392
ogbn-mag,RDM,8,1800,712.9619,0.3392
ogbn-mag,RDM,8,1801,713.3575,0.3392
ogbn-mag,RDM,8,1802,713.7528,0.3392
ogbn-mag,RDM,8,1803,714.1480,0.3392
ogbn-mag,RDM,8,1804,714.5465,0.3392
ogbn-mag,RDM,8,1805,714.9461,0.3392
ogbn-mag,RDM,8,1806,715.3414,0.3392
ogbn-mag,RDM,8,1807,715.7380,0.3392
ogbn-mag,RDM,8,1808,716.1331,0.3392
ogbn-mag,RDM,8,1809,716.5319,0.3392
ogbn-mag,RDM,8,1810,716.9272,0.3392
ogbn-mag,RDM,8,1811,717.3225,0.3392
ogbn-mag,RDM,8,1812,717.7173,0.3392
ogbn-mag,RDM,8,1813,718.1127,0.3392
ogbn-mag,RDM,8,1814,718.5088,0.3392
ogbn-mag,RDM,8,1815,718.9048,0.3392
ogbn-mag,RDM,8,1816,719.3006,0.3392
ogbn-mag,RDM,8,1817,719.6960,0.3392
ogbn-mag,RDM,8,1818,720.0920,0.3392
ogbn-mag,RDM,8,1819,720.4880,0.3392
ogbn-mag,RDM,8,1820,720.8832,0.3392
ogbn-mag,RDM,8,1821,721.2785,0.3392
ogbn-mag,RDM,8,1822,721.6744,0.3392
ogbn-mag,RDM,8,1823,722.0708,0.3392
ogbn-mag,RDM,8,1824,722.4662,0.3392
ogbn-mag,RDM,8,1825,722.8616,0.3392
ogbn-mag,RDM,8,1826,723.2564,0.3392
ogbn-mag,RDM,8,1827,723.6529,0.3392
ogbn-mag,RDM,8,1828,724.0483,0.3392
ogbn-mag,RDM,8,1829,724.4456,0.3392
ogbn-mag,RDM,8,1830,724.8414,0.3392
ogbn-mag,RDM,8,1831,725.2370,0.3392
ogbn-mag,RDM,8,1832,725.6330,0.3392
ogbn-mag,RDM,8,1833,726.0327,0.3392
ogbn-mag,RDM,8,1834,726.4286,0.3392
ogbn-mag,RDM,8,1835,726.8246,0.3392
ogbn-mag,RDM,8,1836,727.2219,0.3392
ogbn-mag,RDM,8,1837,727.6171,0.3392
ogbn-mag,RDM,8,1838,728.0130,0.3392
ogbn-mag,RDM,8,1839,728.4092,0.3392
ogbn-mag,RDM,8,1840,728.8051,0.3392
ogbn-mag,RDM,8,1841,729.2008,0.3392
ogbn-mag,RDM,8,1842,729.5961,0.3392
ogbn-mag,RDM,8,1843,729.9914,0.3392
ogbn-mag,RDM,8,1844,730.3870,0.3392
ogbn-mag,RDM,8,1845,730.7833,0.3392
ogbn-mag,RDM,8,1846,731.1791,0.3392
ogbn-mag,RDM,8,1847,731.5750,0.3392
ogbn-mag,RDM,8,1848,731.9702,0.3392
ogbn-mag,RDM,8,1849,732.3688,0.3392
ogbn-mag,RDM,8,1850,732.7640,0.3392
ogbn-mag,RDM,8,1851,733.1600,0.3392
ogbn-mag,RDM,8,1852,733.5559,0.3392
ogbn-mag,RDM,8,1853,733.9514,0.3392
ogbn-mag,RDM,8,1854,734.3467,0.3392
ogbn-mag,RDM,8,1855,734.7429,0.3392
ogbn-mag,RDM,8,1856,735.1391,0.3392
ogbn-mag,RDM,8,1857,735.5346,0.3392
ogbn-mag,RDM,8,1858,735.9302,0.3392
ogbn-mag,RDM,8,1859,736.3259,0.3392
ogbn-mag,RDM,8,1860,736.7230,0.3392
ogbn-mag,RDM,8,1861,737.1191,0.3392
ogbn-mag,RDM,8,1862,737.5148,0.3392
ogbn-mag,RDM,8,1863,737.9108,0.3392
ogbn-mag,RDM,8,1864,738.3065,0.3392
ogbn-mag,RDM,8,1865,738.7056,0.3392
ogbn-mag,RDM,8,1866,739.1009,0.3392
ogbn-mag,RDM,8,1867,739.4974,0.3392
ogbn-mag,RDM,8,1868,739.8942,0.3392
ogbn-mag,RDM,8,1869,740.2904,0.3392
ogbn-mag,RDM,8,1870,740.6860,0.3392
ogbn-mag,RDM,8,1871,741.0819,0.3392
ogbn-mag,RDM,8,1872,741.4775,0.3392
ogbn-mag,RDM,8,1873,741.8724,0.3392
ogbn-mag,RDM,8,1874,742.2686,0.3392
ogbn-mag,RDM,8,1875,742.6651,0.3392
ogbn-mag,RDM,8,1876,743.0606,0.3392
ogbn-mag,RDM,8,1877,743.4597,0.3392
ogbn-mag,RDM,8,1878,743.8549,0.3392
ogbn-mag,RDM,8,1879,744.2511,0.3392
ogbn-mag,RDM,8,1880,744.6504,0.3392
ogbn-mag,RDM,8,1881,745.0459,0.3392
ogbn-mag,RDM,8,1882,745.4408,0.3392
ogbn-mag,RDM,8,1883,745.8360,0.3392
ogbn-mag,RDM,8,1884,746.2315,0.3392
ogbn-mag,RDM,8,1885,746.6271,0.3392
ogbn-mag,RDM,8,1886,747.0248,0.3392
ogbn-mag,RDM,8,1887,747.4212,0.3392
ogbn-mag,RDM,8,1888,747.8173,0.3392
ogbn-mag,RDM,8,1889,748.2127,0.3392
ogbn-mag,RDM,8,1890,748.6082,0.3392
ogbn-mag,RDM,8,1891,749.0051,0.3392
ogbn-mag,RDM,8,1892,749.4057,0.3392
ogbn-mag,RDM,8,1893,749.8016,0.3392
ogbn-mag,RDM,8,1894,750.2012,0.3392
ogbn-mag,RDM,8,1895,750.5970,0.3392
ogbn-mag,RDM,8,1896,750.9918,0.3392
ogbn-mag,RDM,8,1897,751.3874,0.3392
ogbn-mag,RDM,8,1898,751.7828,0.3392
ogbn-mag,RDM,8,1899,752.1791,0.3392
ogbn-mag,RDM,8,1900,752.5752,0.3392
ogbn-mag,RDM,8,1901,752.9706,0.3392
ogbn-mag,RDM,8,1902,753.3663,0.3392
ogbn-mag,RDM,8,1903,753.7618,0.3392
ogbn-mag,RDM,8,1904,754.1573,0.3392
ogbn-mag,RDM,8,1905,754.5528,0.3392
ogbn-mag,RDM,8,1906,754.9481,0.3392
ogbn-mag,RDM,8,1907,755.3436,0.3392
ogbn-mag,RDM,8,1908,755.7386,0.3392
ogbn-mag,RDM,8,1909,756.1348,0.3392
ogbn-mag,RDM,8,1910,756.5307,0.3392
ogbn-mag,RDM,8,1911,756.9266,0.3392
ogbn-mag,RDM,8,1912,757.3223,0.3392
ogbn-mag,RDM,8,1913,757.7183,0.3392
ogbn-mag,RDM,8,1914,758.1132,0.3392
ogbn-mag,RDM,8,1915,758.5088,0.3392
ogbn-mag,RDM,8,1916,758.9045,0.3392
ogbn-mag,RDM,8,1917,759.3021,0.3392
ogbn-mag,RDM,8,1918,759.6993,0.3392
ogbn-mag,RDM,8,1919,760.0957,0.3392
ogbn-mag,RDM,8,1920,760.4913,0.3392
ogbn-mag,RDM,8,1921,760.8871,0.3392
ogbn-mag,RDM,8,1922,761.2831,0.3392
ogbn-mag,RDM,8,1923,761.6789,0.3392
ogbn-mag,RDM,8,1924,762.0742,0.3392
ogbn-mag,RDM,8,1925,762.4701,0.3392
ogbn-mag,RDM,8,1926,762.8653,0.3392
ogbn-mag,RDM,8,1927,763.2615,0.3392
ogbn-mag,RDM,8,1928,763.6572,0.3392
ogbn-mag,RDM,8,1929,764.0527,0.3392
ogbn-mag,RDM,8,1930,764.4483,0.3392
ogbn-mag,RDM,8,1931,764.8438,0.3392
ogbn-mag,RDM,8,1932,765.2396,0.3392
ogbn-mag,RDM,8,1933,765.6346,0.3392
ogbn-mag,RDM,8,1934,766.0303,0.3392
ogbn-mag,RDM,8,1935,766.4261,0.3392
ogbn-mag,RDM,8,1936,766.8218,0.3392
ogbn-mag,RDM,8,1937,767.2197,0.3392
ogbn-mag,RDM,8,1938,767.6186,0.3392
ogbn-mag,RDM,8,1939,768.0149,0.3392
ogbn-mag,RDM,8,1940,768.4100,0.3392
ogbn-mag,RDM,8,1941,768.8055,0.3392
ogbn-mag,RDM,8,1942,769.2039,0.3392
ogbn-mag,RDM,8,1943,769.5998,0.3392
ogbn-mag,RDM,8,1944,769.9954,0.3392
ogbn-mag,RDM,8,1945,770.3912,0.3392
ogbn-mag,RDM,8,1946,770.7869,0.3392
ogbn-mag,RDM,8,1947,771.1838,0.3392
ogbn-mag,RDM,8,1948,771.5793,0.3392
ogbn-mag,RDM,8,1949,771.9758,0.3392
ogbn-mag,RDM,8,1950,772.3718,0.3392
ogbn-mag,RDM,8,1951,772.7674,0.3392
ogbn-mag,RDM,8,1952,773.1631,0.3392
ogbn-mag,RDM,8,1953,773.5583,0.3392
ogbn-mag,RDM,8,1954,773.9538,0.3392
ogbn-mag,RDM,8,1955,774.3525,0.3392
ogbn-mag,RDM,8,1956,774.7475,0.3392
ogbn-mag,RDM,8,1957,775.1430,0.3392
ogbn-mag,RDM,8,1958,775.5380,0.3392
ogbn-mag,RDM,8,1959,775.9337,0.3392
ogbn-mag,RDM,8,1960,776.3289,0.3392
ogbn-mag,RDM,8,1961,776.7244,0.3392
ogbn-mag,RDM,8,1962,777.1203,0.3392
ogbn-mag,RDM,8,1963,777.5172,0.3392
ogbn-mag,RDM,8,1964,777.9135,0.3392
ogbn-mag,RDM,8,1965,778.3093,0.3392
ogbn-mag,RDM,8,1966,778.7043,0.3392
ogbn-mag,RDM,8,1967,779.0996,0.3392
ogbn-mag,RDM,8,1968,779.4957,0.3392
ogbn-mag,RDM,8,1969,779.8912,0.3392
ogbn-mag,RDM,8,1970,780.2871,0.3392
ogbn-mag,RDM,8,1971,780.6840,0.3392
ogbn-mag,RDM,8,1972,781.0794,0.3392
ogbn-mag,RDM,8,1973,781.4745,0.3392
ogbn-mag,RDM,8,1974,781.8702,0.3392
ogbn-mag,RDM,8,1975,782.2665,0.3392
ogbn-mag,RDM,8,1976,782.6618,0.3392
ogbn-mag,RDM,8,1977,783.0571,0.3392
ogbn-mag,RDM,8,1978,783.4530,0.3392
ogbn-mag,RDM,8,1979,783.8499,0.3392
ogbn-mag,RDM,8,1980,784.2452,0.3392
ogbn-mag,RDM,8,1981,784.6412,0.3392
ogbn-mag,RDM,8,1982,785.0369,0.3392
ogbn-mag,RDM,8,1983,785.4324,0.3392
ogbn-mag,RDM,8,1984,785.8278,0.3392
ogbn-mag,RDM,8,1985,786.2234,0.3392
ogbn-mag,RDM,8,1986,786.6186,0.3392
ogbn-mag,RDM,8,1987,787.0145,0.3392
ogbn-mag,RDM,8,1988,787.4106,0.3392
ogbn-mag,RDM,8,1989,787.8063,0.3392
ogbn-mag,RDM,8,1990,788.2023,0.3392
ogbn-mag,RDM,8,1991,788.5983,0.3392
ogbn-mag,RDM,8,1992,788.9997,0.3392
ogbn-mag,RDM,8,1993,789.3957,0.3392
ogbn-mag,RDM,8,1994,789.7911,0.3392
ogbn-mag,RDM,8,1995,790.1872,0.3392
ogbn-mag,RDM,8,1996,790.5853,0.3392
ogbn-mag,RDM,8,1997,790.9864,0.3392
ogbn-mag,RDM,8,1998,791.3819,0.3392
ogbn-mag,RDM,8,1999,791.7771,0.3392
